candidate_topic_count,run_number,run_seed,reference_topic_number,matched_run_topic_number,cosine_similarity,top_20_term_jaccard,reference_dominant_share,run_dominant_share,prevalence_difference,absolute_prevalence_difference,reference_top_10_terms,run_top_10_terms
12,1,20380929,1,1,0.9972612800672883,0.9047619047619048,0.17105294159225315,0.1762384402426813,0.005185498650428139,0.005185498650428139,not | would | house | like | just | good | when | never | years | more,not | would | house | like | just | never | good | when | years | more
12,1,20380929,2,5,0.9993123409688586,1.0,0.04349362674645996,0.042233610178476766,-0.001260016567983191,0.001260016567983191,foam | spray | spray foam | cell | use | foam insulation | closed | closed cell | expanding | foam board,foam | spray | spray foam | cell | use | closed | closed cell | foam insulation | expanding | expanding foam
12,1,20380929,3,3,0.9995253663950653,0.9047619047619048,0.0769267016940367,0.07943099487541969,0.0025042931813829827,0.0025042931813829827,what | what would | what happens | happens | what brand | what did | using | know what | what kind | brand,what | what would | what happens | happens | using | what kind | what did | know what | what brand | brand
12,1,20380929,4,4,0.9991911801512968,0.8181818181818182,0.06820912753575384,0.0662661247570242,-0.0019430027787296356,0.0019430027787296356,how | how did | did | cost | how does | how long | know | how would | long | know how,how | how did | cost | did | how does | how long | how would | know | long | know how
12,1,20380929,5,8,0.9988756781868454,0.8181818181818182,0.07791626416605801,0.08437886552394416,0.00646260135788615,0.00646260135788615,heat | pump | heat pump | water | heating | gas | boiler | pumps | heat pumps | hot,heat | pump | heat pump | water | heating | gas | boiler | pumps | heat pumps | hot
12,1,20380929,6,6,0.9990494712149367,1.0,0.09803736776382442,0.09671909053425222,-0.0013182772295722012,0.0013182772295722012,video | great | great video | thanks | thank | video thanks | hi | thanks video | question | videos,video | great | great video | thanks | thank | video thanks | hi | thanks video | question | videos
12,1,20380929,7,7,0.9969051699997437,0.8181818181818182,0.05315364135428693,0.04835954526712611,-0.004794096087160818,0.004794096087160818,why | not | why not | use | did | why would | why did | did not | not just | not use,why | why not | not | use | why would | why did | not just | did | not use | did not
12,1,20380929,8,11,0.9981862416799276,0.9047619047619048,0.08562071484108098,0.06885786652529893,-0.01676284831578205,0.01676284831578205,solar | panels | battery | solar panels | power | panel | inverter | batteries | grid | cost,solar | panels | battery | solar panels | power | panel | batteries | inverter | grid | cost
12,1,20380929,9,9,0.9890283853837315,1.0,0.08545578776241076,0.079990575484479,-0.005465212277931758,0.005465212277931758,does | does not | wire | thermostat | not | work | wires | how does | boiler | need,does | wire | thermostat | does not | not | work | wires | boiler | nest | need
12,1,20380929,10,10,0.9965301239402732,0.6666666666666666,0.03642532337487925,0.039376803911173944,0.0029514805362946955,0.0029514805362946955,where | did | where did | buy | where buy | did not | where does | how did | link | know where,where | did | where did | buy | where buy | did not | how did | where does | know where | did use
12,1,20380929,11,2,0.9986387567805072,0.9047619047619048,0.09935678439318615,0.10514225128114509,0.005785466887958932,0.005785466887958932,insulation | wall | barrier | cavity | walls | floor | vapour | vapour barrier | vapor | wall insulation,insulation | wall | barrier | cavity | walls | floor | vapour | vapor | between | vapour barrier
12,1,20380929,12,12,0.9966024866684012,0.9047619047619048,0.10435171877576986,0.11300583141897862,0.008654112643208756,0.008654112643208756,air | roof | vents | attic | cold | vent | warm | ventilation | ridge | soffit,air | roof | cold | vents | attic | vent | warm | ventilation | ridge | gap
12,2,20381030,1,1,0.9947804650269272,0.8181818181818182,0.17105294159225315,0.1785356659009248,0.00748272430867164,0.00748272430867164,not | would | house | like | just | good | when | never | years | more,not | house | would | like | just | when | good | never | more | years
12,2,20381030,2,2,0.9992916270742566,0.8181818181818182,0.04349362674645996,0.04317606173057666,-0.0003175650158832935,0.0003175650158832935,foam | spray | spray foam | cell | use | foam insulation | closed | closed cell | expanding | foam board,foam | spray | spray foam | use | cell | foam insulation | closed cell | closed | foam board | expanding
12,2,20381030,3,3,0.9994422166131579,0.9047619047619048,0.0769267016940367,0.07801731754726983,0.0010906158532331262,0.0010906158532331262,what | what would | what happens | happens | what brand | what did | using | know what | what kind | brand,what | what would | what brand | using | brand | know what | use | what kind | what happens | what did
12,2,20381030,4,4,0.9964993363490133,1.0,0.06820912753575384,0.07050715674147376,0.0022980292057199203,0.0022980292057199203,how | how did | did | cost | how does | how long | know | how would | long | know how,how | cost | how did | how does | how long | how would | know | long | did | know how
12,2,20381030,5,5,0.9976159411169709,0.8181818181818182,0.07791626416605801,0.07445367261589209,-0.0034625915501659277,0.0034625915501659277,heat | pump | heat pump | water | heating | gas | boiler | pumps | heat pumps | hot,heat | pump | heat pump | water | gas | heating | pumps | boiler | heat pumps | hot
12,2,20381030,6,6,0.9989744421085348,0.7391304347826086,0.09803736776382442,0.09515815515108676,-0.0028792126127376583,0.0028792126127376583,video | great | great video | thanks | thank | video thanks | hi | thanks video | question | videos,video | great | great video | thanks | thank | hi | video thanks | thanks video | question | videos
12,2,20381030,7,7,0.9950583008835827,0.9047619047619048,0.05315364135428693,0.05254167402956942,-0.0006119673247175078,0.0006119673247175078,why | not | why not | use | did | why would | why did | did not | not just | not use,why | not | why not | use | why would | why did | not just | not use | just | did not
12,2,20381030,8,8,0.9987307985802305,1.0,0.08562071484108098,0.0865877363491783,0.0009670215080973127,0.0009670215080973127,solar | panels | battery | solar panels | power | panel | inverter | batteries | grid | cost,solar | panels | battery | solar panels | power | panel | batteries | inverter | grid | cost
12,2,20381030,9,9,0.9961635344435474,0.9047619047619048,0.08545578776241076,0.0828179301407787,-0.0026378576216320587,0.0026378576216320587,does | does not | wire | thermostat | not | work | wires | how does | boiler | need,does | does not | not | thermostat | wire | work | how does | wires | does work | nest
12,2,20381030,10,10,0.9281825170751475,0.6,0.03642532337487925,0.04458973905872651,0.008164415683847265,0.008164415683847265,where | did | where did | buy | where buy | did not | where does | how did | link | know where,where | did | did not | where did | buy | where buy | how did | did use | what did | why did
12,2,20381030,11,12,0.9456922458453284,0.5384615384615384,0.09935678439318615,0.11062025092772575,0.011263466534539593,0.011263466534539593,insulation | wall | barrier | cavity | walls | floor | vapour | vapour barrier | vapor | wall insulation,insulation | wall | cavity | walls | floor | wall insulation | cavity wall | board | between | damp
12,2,20381030,12,11,0.899879555947034,0.5384615384615384,0.10435171877576986,0.08299463980679743,-0.02135707896897243,0.02135707896897243,air | roof | vents | attic | cold | vent | warm | ventilation | ridge | soffit,roof | air | barrier | vents | vapour | cold | attic | vapour barrier | warm | vent
12,3,20381131,1,2,0.6673712146518821,0.21212121212121213,0.17105294159225315,0.14457795841432527,-0.026474983177927874,0.026474983177927874,not | would | house | like | just | good | when | never | years | more,house | air | no | when | cold | old | windows | room | years | outside
12,3,20381131,2,5,0.9989475881846696,0.9047619047619048,0.04349362674645996,0.04338222300759852,-0.00011140373886144028,0.00011140373886144028,foam | spray | spray foam | cell | use | foam insulation | closed | closed cell | expanding | foam board,foam | spray | spray foam | use | cell | foam insulation | closed | closed cell | foam board | expanding
12,3,20381131,3,3,0.9993699611462963,0.8181818181818182,0.0769267016940367,0.07200918890263297,-0.004917512791403733,0.004917512791403733,what | what would | what happens | happens | what brand | what did | using | know what | what kind | brand,what | what happens | happens | what did | know what | what kind | what would | using | what brand | did
12,3,20381131,4,4,0.9970679545109227,0.7391304347826086,0.06820912753575384,0.07259822112269541,0.004389093586941575,0.004389093586941575,how | how did | did | cost | how does | how long | know | how would | long | know how,how | how did | did | how does | cost | how long | know | does | long | how would
12,3,20381131,5,8,0.9918983427994207,0.8181818181818182,0.07791626416605801,0.07256876951169229,-0.005347494654365723,0.005347494654365723,heat | pump | heat pump | water | heating | gas | boiler | pumps | heat pumps | hot,heat | pump | heat pump | gas | pumps | heating | boiler | water | heat pumps | hot
12,3,20381131,6,6,0.9963695302186567,0.6666666666666666,0.09803736776382442,0.09798550980738646,-5.1857956437958985e-05,5.1857956437958985e-05,video | great | great video | thanks | thank | video thanks | hi | thanks video | question | videos,video | great | great video | thanks | thank | hi | video thanks | thanks video | videos | question
12,3,20381131,7,7,0.9680588508702069,0.8181818181818182,0.05315364135428693,0.04597396477587324,-0.007179676578413688,0.007179676578413688,why | not | why not | use | did | why would | why did | did not | not just | not use,why | why not | use | why did | why would | did | not | not just | just | not use
12,3,20381131,8,1,0.7881163464154911,0.5384615384615384,0.08562071484108098,0.08979796194851858,0.0041772471074375955,0.0041772471074375955,solar | panels | battery | solar panels | power | panel | inverter | batteries | grid | cost,would | solar | panels | like | battery | cost | power | more | solar panels | panel
12,3,20381131,9,9,0.7387547963631188,0.3333333333333333,0.08545578776241076,0.15650586087058962,0.07105007310817886,0.07105007310817886,does | does not | wire | thermostat | not | work | wires | how does | boiler | need,not | does | does not | work | thermostat | wire | did not | just | need | know
12,3,20381131,10,10,0.9954751175177852,0.6666666666666666,0.03642532337487925,0.036902868586911705,0.0004775452120324569,0.0004775452120324569,where | did | where did | buy | where buy | did not | where does | how did | link | know where,where | did | buy | where did | where buy | did not | where does | know where | link | wire
12,3,20381131,11,12,0.9379933073464949,0.48148148148148145,0.09935678439318615,0.10408199328503269,0.004725208891846536,0.004725208891846536,insulation | wall | barrier | cavity | walls | floor | vapour | vapour barrier | vapor | wall insulation,insulation | wall | cavity | floor | walls | wall insulation | cavity wall | between | board | would
12,3,20381131,12,11,0.641799369920095,0.2903225806451613,0.10435171877576986,0.06361547976674324,-0.04073623900902662,0.04073623900902662,air | roof | vents | attic | cold | vent | warm | ventilation | ridge | soffit,roof | barrier | vapour | vapour barrier | vapor | warm | vapor barrier | warm roof | vents | vent
12,4,20381232,1,1,0.9495212526901933,0.7391304347826086,0.17105294159225315,0.1925840843494139,0.021531142757160754,0.021531142757160754,not | would | house | like | just | good | when | never | years | more,house | not | would | like | just | air | when | no | good | never
12,4,20381232,2,2,0.999245418768071,0.9047619047619048,0.04349362674645996,0.04270483595452671,-0.0007887907919332457,0.0007887907919332457,foam | spray | spray foam | cell | use | foam insulation | closed | closed cell | expanding | foam board,foam | spray | spray foam | cell | use | foam insulation | closed | closed cell | foam board | board
12,4,20381232,3,3,0.9990523292634363,0.7391304347826086,0.0769267016940367,0.07766389821523237,0.0007371965211956655,0.0007371965211956655,what | what would | what happens | happens | what brand | what did | using | know what | what kind | brand,what | what would | what brand | what kind | what happens | brand | using | happens | know what | kind
12,4,20381232,4,4,0.9909737269479256,0.8181818181818182,0.06820912753575384,0.06441067326382753,-0.0037984542719263076,0.0037984542719263076,how | how did | did | cost | how does | how long | know | how would | long | know how,how | cost | how does | how did | know | how long | how would | long | know how | how cost
12,4,20381232,5,8,0.9987281195299335,0.9047619047619048,0.07791626416605801,0.08193438181068505,0.004018117644627034,0.004018117644627034,heat | pump | heat pump | water | heating | gas | boiler | pumps | heat pumps | hot,heat | pump | heat pump | water | gas | heating | boiler | pumps | heat pumps | hot
12,4,20381232,6,6,0.9985203766691388,0.7391304347826086,0.09803736776382442,0.10069505801967367,0.002657690255849249,0.002657690255849249,video | great | great video | thanks | thank | video thanks | hi | thanks video | question | videos,video | great | great video | thanks | thank | video thanks | hi | thanks video | videos | question
12,4,20381232,7,7,0.9843786565780128,0.7391304347826086,0.05315364135428693,0.04562054544383578,-0.007533095910451149,0.007533095910451149,why | not | why not | use | did | why would | why did | did not | not just | not use,why | why not | not | use | why would | not just | not use | why did | just | would
12,4,20381232,8,11,0.9938189817028331,0.8181818181818182,0.08562071484108098,0.08237615597573188,-0.0032445588653491064,0.0032445588653491064,solar | panels | battery | solar panels | power | panel | inverter | batteries | grid | cost,solar | panels | battery | solar panels | power | panel | cost | batteries | inverter | grid
12,4,20381232,9,5,0.9905019081311583,0.8181818181818182,0.08545578776241076,0.0700359309654238,-0.015419856796986958,0.015419856796986958,does | does not | wire | thermostat | not | work | wires | how does | boiler | need,does | not | does not | wire | thermostat | work | need | wires | boiler | not work
12,4,20381232,10,9,0.9624776627299186,0.6,0.03642532337487925,0.0331330623785121,-0.0032922609963671468,0.0032922609963671468,where | did | where did | buy | where buy | did not | where does | how did | link | know where,where | buy | where did | where buy | where does | live | located | where live | based | link
12,4,20381232,11,12,0.9282921552333727,0.6,0.09935678439318615,0.16513518289450432,0.06577839850131817,0.06577839850131817,insulation | wall | barrier | cavity | walls | floor | vapour | vapour barrier | vapor | wall insulation,insulation | wall | roof | barrier | cavity | vapour | walls | floor | between | vapour barrier
12,4,20381232,12,10,0.018199492022313628,0.0,0.10435171877576986,0.043706190728632854,-0.06064552804713701,0.06064552804713701,air | roof | vents | attic | cold | vent | warm | ventilation | ridge | soffit,did | did not | how did | not | why did | did use | what did | where did | use | job
12,5,20381333,1,1,0.9774462766790967,0.9047619047619048,0.17105294159225315,0.16772692466277905,-0.003326016929474096,0.003326016929474096,not | would | house | like | just | good | when | never | years | more,not | would | house | like | just | good | never | years | more | old
12,5,20381333,2,2,0.9993074163939896,0.9047619047619048,0.04349362674645996,0.043500029451611,6.402705151044297e-06,6.402705151044297e-06,foam | spray | spray foam | cell | use | foam insulation | closed | closed cell | expanding | foam board,foam | spray | spray foam | cell | use | foam insulation | closed | closed cell | foam board | expanding
12,5,20381333,3,3,0.9993796229571722,1.0,0.0769267016940367,0.07990222065146964,0.002975518957432935,0.002975518957432935,what | what would | what happens | happens | what brand | what did | using | know what | what kind | brand,what | what would | what happens | happens | what did | did | what brand | using | use | know what
12,5,20381333,4,4,0.9987869756037819,0.8181818181818182,0.06820912753575384,0.06712022147611474,-0.0010889060596390998,0.0010889060596390998,how | how did | did | cost | how does | how long | know | how would | long | know how,how | did | how did | cost | how does | how long | know | long | how would | know how
12,5,20381333,5,8,0.9196939302870764,0.3793103448275862,0.07791626416605801,0.054868351298816044,-0.02304791286724197,0.02304791286724197,heat | pump | heat pump | water | heating | gas | boiler | pumps | heat pumps | hot,heat | pump | heat pump | pumps | heat pumps | gas | air | furnace | electric | loss
12,5,20381333,6,6,0.9987809634219779,0.9047619047619048,0.09803736776382442,0.10243270306885786,0.004395335305033443,0.004395335305033443,video | great | great video | thanks | thank | video thanks | hi | thanks video | question | videos,video | great | great video | thanks | thank | hi | video thanks | thanks video | question | informative
12,5,20381333,7,7,0.9974884683862086,0.8181818181818182,0.05315364135428693,0.05112799670141957,-0.0020256446528673575,0.0020256446528673575,why | not | why not | use | did | why would | why did | did not | not just | not use,why | why not | not | did | use | why did | why would | did not | not just | not use
12,5,20381333,8,11,0.9950616474062749,0.9047619047619048,0.08562071484108098,0.06582435059197739,-0.019796364249103596,0.019796364249103596,solar | panels | battery | solar panels | power | panel | inverter | batteries | grid | cost,solar | panels | battery | solar panels | power | panel | inverter | batteries | grid | roof
12,5,20381333,9,9,0.9508717446243258,0.6,0.08545578776241076,0.061524415385521586,-0.02393137237688918,0.02393137237688918,does | does not | wire | thermostat | not | work | wires | how does | boiler | need,does | does not | not | wire | work | how does | thermostat | does work | not work | need
12,5,20381333,10,10,0.9964155110652076,0.7391304347826086,0.03642532337487925,0.037874771750014725,0.0014494483751354773,0.0014494483751354773,where | did | where did | buy | where buy | did not | where does | how did | link | know where,where | did | where did | buy | where buy | wire | did not | where does | live | know where
12,5,20381333,11,12,0.8840732599462569,0.42857142857142855,0.09935678439318615,0.17874182717794662,0.07938504278476047,0.07938504278476047,insulation | wall | barrier | cavity | walls | floor | vapour | vapour barrier | vapor | wall insulation,insulation | roof | wall | air | barrier | walls | floor | between | cavity | vapour
12,5,20381333,12,5,0.2637350528445162,0.1111111111111111,0.10435171877576986,0.08935618778347175,-0.014995530992298112,0.014995530992298112,air | roof | vents | attic | cold | vent | warm | ventilation | ridge | soffit,heating | water | boiler | hot | temperature | room | when | hot water | thermostat | set
12,6,20381434,1,1,0.9928831975508334,0.7391304347826086,0.17105294159225315,0.17217411792425047,0.00112117633199732,0.00112117633199732,not | would | house | like | just | good | when | never | years | more,not | would | house | like | just | when | never | good | years | more
12,6,20381434,2,2,0.9993460623101803,0.9047619047619048,0.04349362674645996,0.042469223066501735,-0.0010244036799582218,0.0010244036799582218,foam | spray | spray foam | cell | use | foam insulation | closed | closed cell | expanding | foam board,foam | spray | spray foam | cell | use | closed cell | closed | foam insulation | expanding | foam board
12,6,20381434,3,3,0.9992327433316631,0.8181818181818182,0.0769267016940367,0.07754609177121989,0.0006193900771831878,0.0006193900771831878,what | what would | what happens | happens | what brand | what did | using | know what | what kind | brand,what | what would | what happens | happens | what kind | know what | using | what brand | what did | brand
12,6,20381434,4,4,0.9941241073870565,0.9047619047619048,0.06820912753575384,0.06900512458031455,0.000795997044560709,0.000795997044560709,how | how did | did | cost | how does | how long | know | how would | long | know how,how | cost | how did | how does | how long | how would | know | long | how cost | know how
12,6,20381434,5,5,0.9984402882843376,1.0,0.07791626416605801,0.07775225304824174,-0.0001640111178162762,0.0001640111178162762,heat | pump | heat pump | water | heating | gas | boiler | pumps | heat pumps | hot,heat | pump | heat pump | gas | water | heating | boiler | pumps | heat pumps | hot
12,6,20381434,6,6,0.9989216426111986,0.9047619047619048,0.09803736776382442,0.10034163868763621,0.002304270923811788,0.002304270923811788,video | great | great video | thanks | thank | video thanks | hi | thanks video | question | videos,video | great | great video | thanks | thank | video thanks | hi | thanks video | question | informative
12,6,20381434,7,7,0.990068861873437,0.9047619047619048,0.05315364135428693,0.046651351828945045,-0.0065022895253418825,0.0065022895253418825,why | not | why not | use | did | why would | why did | did not | not just | not use,why | why not | not | why would | use | not just | why did | not use | just | did not
12,6,20381434,8,8,0.9974467454857563,0.9047619047619048,0.08562071484108098,0.08320080108381929,-0.0024199137572616936,0.0024199137572616936,solar | panels | battery | solar panels | power | panel | inverter | batteries | grid | cost,solar | panels | battery | solar panels | power | panel | inverter | batteries | grid | cost
12,6,20381434,9,9,0.9896821017028564,0.8181818181818182,0.08545578776241076,0.0891500265064499,0.0036942387440391383,0.0036942387440391383,does | does not | wire | thermostat | not | work | wires | how does | boiler | need,does | not | does not | wire | thermostat | work | how does | not work | wires | does work
12,6,20381434,10,10,0.8056426604829373,0.48148148148148145,0.03642532337487925,0.04691641632797314,0.010491092953093889,0.010491092953093889,where | did | where did | buy | where buy | did not | where does | how did | link | know where,did | where | did not | where did | how did | buy | where buy | did use | why did | what did
12,6,20381434,11,12,0.9527876932165231,0.48148148148148145,0.09935678439318615,0.10690934794133239,0.007552563548146235,0.007552563548146235,insulation | wall | barrier | cavity | walls | floor | vapour | vapour barrier | vapor | wall insulation,insulation | wall | cavity | floor | walls | wall insulation | cavity wall | between | board | damp
12,6,20381434,12,11,0.9420302723706334,0.6,0.10435171877576986,0.08788360723331566,-0.0164681115424542,0.0164681115424542,air | roof | vents | attic | cold | vent | warm | ventilation | ridge | soffit,roof | air | barrier | cold | vents | attic | warm | vent | vapour | moisture
12,7,20381535,1,12,0.48835233380829873,0.17647058823529413,0.17105294159225315,0.108264122047476,-0.06278881954477715,0.06278881954477715,not | would | house | like | just | good | when | never | years | more,not | does | does not | work | know | did not | not know | just | not work | need
12,7,20381535,2,2,0.999150193425958,0.9047619047619048,0.04349362674645996,0.044707545502739,0.0012139187562790407,0.0012139187562790407,foam | spray | spray foam | cell | use | foam insulation | closed | closed cell | expanding | foam board,foam | spray | spray foam | cell | use | foam insulation | closed | closed cell | foam board | expanding
12,7,20381535,3,3,0.9991251130269001,0.7391304347826086,0.0769267016940367,0.08108028509159451,0.0041535833975578085,0.0041535833975578085,what | what would | what happens | happens | what brand | what did | using | know what | what kind | brand,what | what happens | happens | what would | know what | what brand | brand | what kind | what cost | what size
12,7,20381535,4,4,0.9926298937909794,0.8181818181818182,0.06820912753575384,0.07277493078871414,0.004565803252960299,0.004565803252960299,how | how did | did | cost | how does | how long | know | how would | long | know how,how | how does | how did | cost | does | how long | how would | know | long | how cost
12,7,20381535,5,8,0.9958071867267264,0.8181818181818182,0.07791626416605801,0.06184838310655593,-0.016067881059502083,0.016067881059502083,heat | pump | heat pump | water | heating | gas | boiler | pumps | heat pumps | hot,heat | pump | heat pump | heating | gas | water | pumps | heat pumps | boiler | hot
12,7,20381535,6,6,0.9964078261268533,0.6666666666666666,0.09803736776382442,0.09539376803911175,-0.0026435997247126752,0.0026435997247126752,video | great | great video | thanks | thank | video thanks | hi | thanks video | question | videos,video | great | great video | thanks | thank | video thanks | thanks video | hi | videos | question
12,7,20381535,7,7,0.9533744943221225,0.7391304347826086,0.05315364135428693,0.04355893267361725,-0.00959470868066968,0.00959470868066968,why | not | why not | use | did | why would | why did | did not | not just | not use,why | why not | why would | use | why did | not just | not | just | not use | instead
12,7,20381535,8,9,0.7022073597075694,0.42857142857142855,0.08562071484108098,0.16869882782588208,0.0830781129848011,0.0830781129848011,solar | panels | battery | solar panels | power | panel | inverter | batteries | grid | cost,would | solar | like | panels | battery | more | cost | never | power | use
12,7,20381535,9,5,0.5553239528822511,0.48148148148148145,0.08545578776241076,0.0536019320256818,-0.03185385573672896,0.03185385573672896,does | does not | wire | thermostat | not | work | wires | how does | boiler | need,thermostat | wire | boiler | wires | nest | connected | connect | red | smart | blue
12,7,20381535,10,10,0.9157775603274955,0.6666666666666666,0.03642532337487925,0.04514931966778583,0.008723996292906579,0.008723996292906579,where | did | where did | buy | where buy | did not | where does | how did | link | know where,where | did | did not | where did | buy | how did | where buy | did use | why did | what did
12,7,20381535,11,11,0.9919902444437035,0.7391304347826086,0.09935678439318615,0.12284266949402133,0.02348588510083517,0.02348588510083517,insulation | wall | barrier | cavity | walls | floor | vapour | vapour barrier | vapor | wall insulation,insulation | wall | barrier | cavity | floor | walls | vapour | vapor | vapour barrier | between
12,7,20381535,12,1,0.8217156156184589,0.2903225806451613,0.10435171877576986,0.1020792837368204,-0.002272435038949458,0.002272435038949458,air | roof | vents | attic | cold | vent | warm | ventilation | ridge | soffit,air | house | roof | cold | vents | attic | no | warm | vent | when
12,8,20381636,1,1,0.9963729192942563,1.0,0.17105294159225315,0.17326382753136596,0.002210885939112811,0.002210885939112811,not | would | house | like | just | good | when | never | years | more,not | would | house | like | just | good | never | years | when | more
12,8,20381636,2,5,0.9993999143718065,1.0,0.04349362674645996,0.040702126406314425,-0.002791500340145532,0.002791500340145532,foam | spray | spray foam | cell | use | foam insulation | closed | closed cell | expanding | foam board,foam | spray | spray foam | cell | use | foam insulation | closed cell | closed | expanding | foam board
12,8,20381636,3,3,0.9991879818606009,0.8181818181818182,0.0769267016940367,0.0774282853272074,0.0005015836331706963,0.0005015836331706963,what | what would | what happens | happens | what brand | what did | using | know what | what kind | brand,what | what happens | what would | happens | what kind | know what | what brand | brand | kind | using
12,8,20381636,4,4,0.9936297063419163,0.8181818181818182,0.06820912753575384,0.0685338988042646,0.00032477126851075677,0.00032477126851075677,how | how did | did | cost | how does | how long | know | how would | long | know how,how | cost | how did | how does | how long | know | how would | long | how cost | know how
12,8,20381636,5,8,0.9987184756396754,0.9047619047619048,0.07791626416605801,0.07913647876538847,0.0012202145993304575,0.0012202145993304575,heat | pump | heat pump | water | heating | gas | boiler | pumps | heat pumps | hot,heat | pump | heat pump | water | gas | heating | pumps | boiler | heat pumps | hot
12,8,20381636,6,6,0.9987123180479751,1.0,0.09803736776382442,0.09598280025917418,-0.0020545675046502454,0.0020545675046502454,video | great | great video | thanks | thank | video thanks | hi | thanks video | question | videos,video | great | great video | thanks | thank | video thanks | hi | thanks video | question | videos
12,8,20381636,7,7,0.9901518688663064,0.9047619047619048,0.05315364135428693,0.05065677092536962,-0.0024968704289173096,0.0024968704289173096,why | not | why not | use | did | why would | why did | did not | not just | not use,why | why not | not | use | why would | not just | why did | not use | just | did not
12,8,20381636,8,11,0.9979972921108313,0.9047619047619048,0.08562071484108098,0.06605996348000236,-0.019560751361078627,0.019560751361078627,solar | panels | battery | solar panels | power | panel | inverter | batteries | grid | cost,solar | panels | battery | solar panels | power | panel | batteries | inverter | cost | grid
12,8,20381636,9,9,0.994059229143201,0.9047619047619048,0.08545578776241076,0.08493844613300347,-0.0005173416294072947,0.0005173416294072947,does | does not | wire | thermostat | not | work | wires | how does | boiler | need,does | thermostat | wire | does not | not | work | wires | boiler | need | nest
12,8,20381636,10,10,0.7839741873055349,0.3793103448275862,0.03642532337487925,0.0550745125758379,0.01864918920095865,0.01864918920095865,where | did | where did | buy | where buy | did not | where does | how did | link | know where,did | where | did not | where did | how did | buy | why did | what did | did use | where buy
12,8,20381636,11,2,0.9989477002517725,0.9047619047619048,0.09935678439318615,0.1049066383931201,0.005549853999933949,0.005549853999933949,insulation | wall | barrier | cavity | walls | floor | vapour | vapour barrier | vapor | wall insulation,insulation | wall | barrier | walls | cavity | floor | vapour | vapour barrier | vapor | between
12,8,20381636,12,12,0.9972122291704103,0.9047619047619048,0.10435171877576986,0.10331625139895152,-0.0010354673768183387,0.0010354673768183387,air | roof | vents | attic | cold | vent | warm | ventilation | ridge | soffit,air | roof | cold | vents | attic | vent | warm | ridge | ventilation | soffit
12,9,20381737,1,1,0.8708106451691867,0.3793103448275862,0.17105294159225315,0.15921540908287685,-0.011837532509376303,0.011837532509376303,not | would | house | like | just | good | when | never | years | more,would | like | not | solar | just | more | house | never | years | panels
12,9,20381737,2,3,0.9991691047566174,0.9047619047619048,0.04349362674645996,0.03881722330211462,-0.004676403444345334,0.004676403444345334,foam | spray | spray foam | cell | use | foam insulation | closed | closed cell | expanding | foam board,foam | spray | spray foam | cell | use | foam insulation | closed | closed cell | foam board | expanding
12,9,20381737,3,2,0.9988476742136418,0.8181818181818182,0.0769267016940367,0.0708311244625081,-0.006095577231528607,0.006095577231528607,what | what would | what happens | happens | what brand | what did | using | know what | what kind | brand,what | what would | what brand | brand | using | what happens | happens | know what | what kind | what did
12,9,20381737,4,4,0.9911756596115646,0.7391304347826086,0.06820912753575384,0.061347705719502856,-0.006861421816250983,0.006861421816250983,how | how did | did | cost | how does | how long | know | how would | long | know how,how | cost | how did | how does | how long | know | how would | long | how cost | know how
12,9,20381737,5,8,0.9261191634281065,0.3793103448275862,0.07791626416605801,0.06067031866643106,-0.017245945499626956,0.017245945499626956,heat | pump | heat pump | water | heating | gas | boiler | pumps | heat pumps | hot,heat | pump | heat pump | pumps | heat pumps | gas | air | furnace | electric | loss
12,9,20381737,6,6,0.9983668792877363,0.8181818181818182,0.09803736776382442,0.09253696177180892,-0.005500405992015497,0.005500405992015497,video | great | great video | thanks | thank | video thanks | hi | thanks video | question | videos,video | great | great video | thanks | thank | video thanks | hi | thanks video | videos | question
12,9,20381737,7,7,0.985369716724664,0.8181818181818182,0.05315364135428693,0.04232196501148613,-0.0108316763428008,0.0108316763428008,why | not | why not | use | did | why would | why did | did not | not just | not use,why | why not | not | use | why would | not just | not use | why did | just | would not
12,9,20381737,8,10,0.022971640994062577,0.02564102564102564,0.08562071484108098,0.053101254638628734,-0.03251946020245225,0.03251946020245225,solar | panels | battery | solar panels | power | panel | inverter | batteries | grid | cost,did | did not | how did | not | what did | why did | did use | where did | did cost | use
12,9,20381737,9,9,0.9330255339673375,0.6,0.08545578776241076,0.09109383283265594,0.005638045070245179,0.005638045070245179,does | does not | wire | thermostat | not | work | wires | how does | boiler | need,does | not | does not | work | wire | not work | how does | does work | thermostat | wires
12,9,20381737,10,12,0.959326260557973,0.48148148148148145,0.03642532337487925,0.0362254815338399,-0.0001998418410393485,0.0001998418410393485,where | did | where did | buy | where buy | did not | where does | how did | link | know where,where | buy | where buy | where did | wire | where does | live | wires | link | know where
12,9,20381737,11,11,0.836996212664234,0.42857142857142855,0.09935678439318615,0.20716263179595923,0.10780584740277308,0.10780584740277308,insulation | wall | barrier | cavity | walls | floor | vapour | vapour barrier | vapor | wall insulation,insulation | roof | wall | air | barrier | walls | floor | moisture | cavity | no
12,9,20381737,12,5,0.2526546049392266,0.08108108108108109,0.10435171877576986,0.08667609118218766,-0.017675627593582197,0.017675627593582197,air | roof | vents | attic | cold | vent | warm | ventilation | ridge | soffit,heating | water | boiler | temperature | hot | room | when | thermostat | hot water | radiator
12,10,20381838,1,10,0.15844131998874023,0.05263157894736842,0.17105294159225315,0.04809448076809802,-0.12295846082415512,0.12295846082415512,not | would | house | like | just | good | when | never | years | more,did | did not | how did | why did | did use | what did | where did | use | did cost | job
12,10,20381838,2,2,0.9989286127034696,0.9047619047619048,0.04349362674645996,0.04249867467750486,-0.000994952068955099,0.000994952068955099,foam | spray | spray foam | cell | use | foam insulation | closed | closed cell | expanding | foam board,foam | spray | spray foam | cell | use | foam insulation | closed | closed cell | expanding | foam board
12,10,20381838,3,3,0.9987359330869741,0.7391304347826086,0.0769267016940367,0.07380573717382341,-0.003120964520213293,0.003120964520213293,what | what would | what happens | happens | what brand | what did | using | know what | what kind | brand,what | what brand | using | brand | what happens | what would | happens | what kind | kind | what cost
12,10,20381838,4,4,0.9876898460446917,0.6666666666666666,0.06820912753575384,0.06270247982564646,-0.005506647710107379,0.005506647710107379,how | how did | did | cost | how does | how long | know | how would | long | know how,how | how does | cost | how did | does | how long | how would | know | long | how cost
12,10,20381838,5,8,0.995649513452235,0.7391304347826086,0.07791626416605801,0.0830829946398068,0.005166730473748785,0.005166730473748785,heat | pump | heat pump | water | heating | gas | boiler | pumps | heat pumps | hot,heat | pump | heat pump | heating | water | gas | boiler | pumps | heat pumps | hot
12,10,20381838,6,6,0.9969085658498589,0.6666666666666666,0.09803736776382442,0.09984096130058315,0.001803593536758727,0.001803593536758727,video | great | great video | thanks | thank | video thanks | hi | thanks video | question | videos,video | great | great video | thanks | thank | video thanks | hi | thanks video | question | videos
12,10,20381838,7,7,0.9548187222812741,0.6666666666666666,0.05315364135428693,0.04238086823349237,-0.010772773120794554,0.010772773120794554,why | not | why not | use | did | why would | why did | did not | not just | not use,why | why not | why would | use | not | not just | why did | just | not use | instead
12,10,20381838,8,5,0.7564056232712983,0.5384615384615384,0.08562071484108098,0.1288802497496613,0.043259534908580324,0.043259534908580324,solar | panels | battery | solar panels | power | panel | inverter | batteries | grid | cost,would | solar | panels | like | battery | cost | power | more | solar panels | use
12,10,20381838,9,9,0.7334342343969152,0.3333333333333333,0.08545578776241076,0.15129292572303704,0.06583713796062628,0.06583713796062628,does | does not | wire | thermostat | not | work | wires | how does | boiler | need,not | does | does not | work | thermostat | wire | just | need | know | when
12,10,20381838,10,12,0.9600821793798957,0.42857142857142855,0.03642532337487925,0.03528302998174,-0.001142293393139246,0.001142293393139246,where | did | where did | buy | where buy | did not | where does | how did | link | know where,where | buy | where buy | where did | wire | where does | link | know where | wires | live
12,10,20381838,11,11,0.9883044651145323,0.6666666666666666,0.09935678439318615,0.12885079813865818,0.02949401374547203,0.02949401374547203,insulation | wall | barrier | cavity | walls | floor | vapour | vapour barrier | vapor | wall insulation,insulation | wall | barrier | cavity | floor | walls | vapour | vapour barrier | between | vapor
12,10,20381838,12,1,0.7521449901686068,0.25,0.10435171877576986,0.1032867997879484,-0.0010649189878214615,0.0010649189878214615,air | roof | vents | attic | cold | vent | warm | ventilation | ridge | soffit,house | air | cold | roof | no | vents | attic | windows | old | when
16,1,20420929,1,1,0.9171342592065852,0.6,0.12027896237306505,0.12216528244094951,0.0018863200678844588,0.0018863200678844588,house | not | just | when | never | years | no | like | good | more,not | would | house | like | just | more | when | good | time | years
16,1,20420929,2,2,0.9993823416621099,0.9047619047619048,0.03854581438635346,0.03914119102314897,0.0005953766367955068,0.0005953766367955068,foam | spray | spray foam | cell | use | foam insulation | closed | closed cell | expanding | foam board,foam | spray | spray foam | cell | foam insulation | use | closed | closed cell | foam board | expanding
16,1,20420929,3,3,0.9994702389889726,0.9047619047619048,0.06611219753551822,0.07027154385344879,0.004159346317930565,0.004159346317930565,what | what happens | happens | know what | what brand | using | what would | what kind | brand | kind,what | what happens | happens | what would | know what | what brand | using | what kind | brand | kind
16,1,20420929,4,4,0.9987532301175596,0.8181818181818182,0.05581603562424899,0.0616716734405372,0.0058556378162882075,0.0058556378162882075,how | cost | how did | how does | how long | know | long | how would | know how | how cost,how | cost | how does | how did | know | how long | how would | long | know how | how know
16,1,20420929,5,5,0.998684613783152,1.0,0.069858398322456,0.06762089886316781,-0.002237499459288181,0.002237499459288181,heat | pump | heat pump | gas | water | pumps | heating | heat pumps | boiler | hot,heat | pump | heat pump | water | gas | pumps | heating | heat pumps | boiler | hot
16,1,20420929,6,6,0.9984884342067378,0.8181818181818182,0.08835379214475886,0.08882605878541557,0.0004722666406567072,0.0004722666406567072,video | great | great video | thanks | thank | video thanks | hi | thanks video | videos | question,video | great | great video | thanks | thank | video thanks | hi | thanks video | videos | informative
16,1,20420929,7,7,0.9980060741008144,0.9047619047619048,0.04132601371250854,0.04170348118042057,0.00037746746791202795,0.00037746746791202795,why | why not | not | use | why would | not just | not use | why did | just | instead,why | why not | not | why would | use | not just | why did | not use | just | would
16,1,20420929,8,8,0.996800863579232,0.8181818181818182,0.08010743821124802,0.07872415621134476,-0.0013832819999032575,0.0013832819999032575,solar | panels | battery | solar panels | power | panel | inverter | batteries | grid | cost,solar | panels | battery | solar panels | power | panel | inverter | batteries | grid | cost
16,1,20420929,9,9,0.9984892093966943,0.9047619047619048,0.05737106236599675,0.0564292866819815,-0.0009417756840152461,0.0009417756840152461,does | does not | not | work | how does | does work | not work | mean | need | what does,does | does not | not | work | how does | does work | not work | mean | what does | matter
16,1,20420929,10,10,0.9982613324535116,0.6,0.04038357326296445,0.039111739412145845,-0.001271833850818603,0.001271833850818603,did | did not | how did | not | why did | did use | what did | where did | use | did cost,did | did not | how did | not | why did | did use | use | what did | where did | did cost
16,1,20420929,11,11,0.9986798330964982,0.8181818181818182,0.024574134721862262,0.024650998409613007,7.686368775074517e-05,7.686368775074517e-05,where | buy | where buy | where did | where does | live | know where | link | located | where live,where | buy | where did | where buy | where does | link | know where | live | located | based
16,1,20420929,12,12,0.9961423240663582,0.8181818181818182,0.09558702259500977,0.10022383224362373,0.00463680964861396,0.00463680964861396,roof | air | vents | attic | cold | vent | warm | ridge | ventilation | soffit,air | roof | vents | cold | attic | vent | warm | ventilation | ridge | soffit
16,1,20420929,13,13,0.998691827024249,0.7391304347826086,0.07716231180642273,0.082405607586735,0.005243295780312268,0.005243295780312268,insulation | wall | cavity | walls | floor | wall insulation | cavity wall | between | board | brick,insulation | wall | cavity | walls | floor | wall insulation | cavity wall | between | board | damp
16,1,20420929,14,14,0.9951088828487742,0.7391304347826086,0.043422943712744154,0.0522471579195382,0.008824214206794044,0.008824214206794044,wire | thermostat | wires | boiler | nest | connected | connect | blue | red | need,thermostat | wire | boiler | wires | nest | blue | connected | red | connect | smart
16,1,20420929,15,15,0.9977103940895968,0.7391304347826086,0.03769761798176378,0.03908228780114272,0.0013846698193789447,0.0013846698193789447,barrier | vapour | vapour barrier | vapor | vapor barrier | use | moisture | inside | no vapour | joists,barrier | vapour | vapour barrier | vapor | vapor barrier | use | moisture | inside | joists | between
16,1,20420929,16,16,0.026949326298541788,0.05263157894736842,0.06340268124307895,0.03572480414678683,-0.027677877096292117,0.027677877096292117,would | like | would not | would like | work | recommend | what would | how would | why would | love,never | seen | never seen | never knew | knew | heard | thank | never heard | would never | years
16,2,20421030,1,1,0.913195682783756,0.6,0.12027896237306505,0.08219944630971314,-0.038079516063351915,0.038079516063351915,house | not | just | when | never | years | no | like | good | more,house | never | just | years | when | no | old | heating | windows | new
16,2,20421030,2,2,0.999082979916769,1.0,0.03854581438635346,0.038051481416033456,-0.000494332970320005,0.000494332970320005,foam | spray | spray foam | cell | use | foam insulation | closed | closed cell | expanding | foam board,foam | spray | spray foam | cell | use | closed | foam insulation | closed cell | expanding | expanding foam
16,2,20421030,3,3,0.9995674919889443,0.9047619047619048,0.06611219753551822,0.06326206043470578,-0.0028501371008124443,0.0028501371008124443,what | what happens | happens | know what | what brand | using | what would | what kind | brand | kind,what | what happens | what kind | happens | using | what brand | know what | brand | what would | kind
16,2,20421030,4,4,0.999387601268046,0.8181818181818182,0.05581603562424899,0.05307180302762561,-0.002744232596623382,0.002744232596623382,how | cost | how did | how does | how long | know | long | how would | know how | how cost,how | cost | how does | how did | how long | know | long | how would | know how | how cost
16,2,20421030,5,5,0.9990259941710307,0.8181818181818182,0.069858398322456,0.0655887377039524,-0.00426966061850359,0.00426966061850359,heat | pump | heat pump | gas | water | pumps | heating | heat pumps | boiler | hot,heat | pump | heat pump | gas | water | pumps | heat pumps | heating | boiler | hot
16,2,20421030,6,6,0.9987189457850315,1.0,0.08835379214475886,0.08900276845143429,0.0006489763066754306,0.0006489763066754306,video | great | great video | thanks | thank | video thanks | hi | thanks video | videos | question,video | great | great video | thanks | thank | video thanks | hi | thanks video | videos | informative
16,2,20421030,7,9,0.9506447679308704,0.6666666666666666,0.04132601371250854,0.02803793367497202,-0.01328808003753652,0.01328808003753652,why | why not | not | use | why would | not just | not use | why did | just | instead,why | why not | why would | use | why did | just | not just | not use | why does | tape
16,2,20421030,8,8,0.9955076928943574,1.0,0.08010743821124802,0.07895976909936973,-0.0011476691118782884,0.0011476691118782884,solar | panels | battery | solar panels | power | panel | inverter | batteries | grid | cost,solar | panels | battery | solar panels | power | panel | cost | batteries | inverter | grid
16,2,20421030,9,13,0.936982520945793,0.6,0.05737106236599675,0.047623254992048066,-0.009747807373948682,0.009747807373948682,does | does not | not | work | how does | does work | not work | mean | need | what does,does | does not | work | how does | does work | not work | what does | mean | does cost | why does
16,2,20421030,10,10,0.9892589935519661,0.6666666666666666,0.04038357326296445,0.040171997408258234,-0.0002115758547062141,0.0002115758547062141,did | did not | how did | not | why did | did use | what did | where did | use | did cost,did | did not | how did | did use | why did | what did | where did | use | did cost | job
16,2,20421030,11,12,0.9990818098655371,0.7391304347826086,0.024574134721862262,0.027448901454909583,0.0028747667330473216,0.0028747667330473216,where | buy | where buy | where did | where does | live | know where | link | located | where live,where | buy | where buy | where did | where does | link | live | know where | where live | tool
16,2,20421030,12,11,0.997039918758321,0.7391304347826086,0.09558702259500977,0.0814631560346351,-0.014123866560374676,0.014123866560374676,roof | air | vents | attic | cold | vent | warm | ridge | ventilation | soffit,roof | air | vents | attic | cold | vent | warm | ridge | ventilation | soffit
16,2,20421030,13,15,0.9519394691012827,0.48148148148148145,0.07716231180642273,0.1136537668610473,0.036491455054624575,0.036491455054624575,insulation | wall | cavity | walls | floor | wall insulation | cavity wall | between | board | brick,insulation | wall | barrier | cavity | walls | floor | vapour | wall insulation | vapor | between
16,2,20421030,14,14,0.9969469872581618,0.6666666666666666,0.043422943712744154,0.04994993226129469,0.006526988548550536,0.006526988548550536,wire | thermostat | wires | boiler | nest | connected | connect | blue | red | need,wire | thermostat | wires | boiler | nest | connected | blue | connect | red | need
16,2,20421030,15,7,0.05101833529922521,0.02564102564102564,0.03769761798176378,0.0692112858573364,0.03151366787557262,0.03151366787557262,barrier | vapour | vapour barrier | vapor | vapor barrier | use | moisture | inside | no vapour | joists,not | know | not know | need | just | does not | did not | sure | want | not need
16,2,20421030,16,16,0.985257660867026,0.8181818181818182,0.06340268124307895,0.0723037050126642,0.00890102376958525,0.00890102376958525,would | like | would not | would like | work | recommend | what would | how would | why would | love,would | like | would not | would like | looks | work | recommend | how would | what would | love
16,3,20421131,1,1,0.9971764927594267,0.9047619047619048,0.12027896237306505,0.11810096012251871,-0.002178002250546346,0.002178002250546346,house | not | just | when | never | years | no | like | good | more,not | house | just | when | like | years | never | good | no | more
16,3,20421131,2,2,0.9992776868439127,0.9047619047619048,0.03854581438635346,0.037609707250986626,-0.0009361071353668343,0.0009361071353668343,foam | spray | spray foam | cell | use | foam insulation | closed | closed cell | expanding | foam board,foam | spray | spray foam | cell | use | closed | closed cell | foam insulation | expanding | foam board
16,3,20421131,3,3,0.9994732712369148,0.9047619047619048,0.06611219753551822,0.06514696353890558,-0.0009652339966126494,0.0009652339966126494,what | what happens | happens | know what | what brand | using | what would | what kind | brand | kind,what | what happens | happens | using | what kind | know what | what would | kind | what cost | what did
16,3,20421131,4,4,0.9994119353012229,0.8181818181818182,0.05581603562424899,0.05369028685869117,-0.0021257487655578222,0.0021257487655578222,how | cost | how did | how does | how long | know | long | how would | know how | how cost,how | cost | how did | how does | how long | know | how would | long | know how | how cost
16,3,20421131,5,5,0.9989302246663061,1.0,0.069858398322456,0.06844554397125523,-0.001412854351200768,0.001412854351200768,heat | pump | heat pump | gas | water | pumps | heating | heat pumps | boiler | hot,heat | pump | heat pump | water | gas | heating | pumps | heat pumps | boiler | hot
16,3,20421131,6,6,0.9992725467104402,0.8181818181818182,0.08835379214475886,0.08231725275372563,-0.006036539391033227,0.006036539391033227,video | great | great video | thanks | thank | video thanks | hi | thanks video | videos | question,video | great | great video | thanks | thank | video thanks | thanks video | hi | videos | informative
16,3,20421131,7,7,0.9990220154353157,0.9047619047619048,0.04132601371250854,0.03878777169111151,-0.002538242021397033,0.002538242021397033,why | why not | not | use | why would | not just | not use | why did | just | instead,why | why not | not | why would | use | not just | why did | just | not use | instead
16,3,20421131,8,8,0.9982627089815268,0.9047619047619048,0.08010743821124802,0.07707486599516994,-0.0030325722160780832,0.0030325722160780832,solar | panels | battery | solar panels | power | panel | inverter | batteries | grid | cost,solar | panels | battery | solar panels | power | panel | inverter | batteries | cost | grid
16,3,20421131,9,9,0.9987513344201662,0.9047619047619048,0.05737106236599675,0.051157448312422686,-0.006213614053574061,0.006213614053574061,does | does not | not | work | how does | does work | not work | mean | need | what does,does | does not | not | work | how does | not work | does work | mean | what does | matter
16,3,20421131,10,11,0.9990907674709503,0.9047619047619048,0.04038357326296445,0.05209989986452259,0.011716326601558143,0.011716326601558143,did | did not | how did | not | why did | did use | what did | where did | use | did cost,did | did not | how did | not | why did | did use | where did | what did | use | did cost
16,3,20421131,11,10,0.999173823708256,0.9047619047619048,0.024574134721862262,0.029304352948106262,0.0047302182262440005,0.0047302182262440005,where | buy | where buy | where did | where does | live | know where | link | located | where live,where | buy | where buy | where did | where does | know where | live | link | where live | located
16,3,20421131,12,12,0.9972367692685226,0.8181818181818182,0.09558702259500977,0.09689580020027096,0.0013087776052611855,0.0013087776052611855,roof | air | vents | attic | cold | vent | warm | ridge | ventilation | soffit,air | roof | vents | attic | cold | vent | warm | ridge | ventilation | soffit
16,3,20421131,13,13,0.9977588943939124,0.9047619047619048,0.07716231180642273,0.08004947870648524,0.002887166900062507,0.002887166900062507,insulation | wall | cavity | walls | floor | wall insulation | cavity wall | between | board | brick,insulation | wall | cavity | walls | floor | wall insulation | cavity wall | between | board | brick
16,3,20421131,14,14,0.9976276729833801,0.7391304347826086,0.043422943712744154,0.045856158331860755,0.0024332146191166013,0.0024332146191166013,wire | thermostat | wires | boiler | nest | connected | connect | blue | red | need,thermostat | wire | wires | boiler | nest | need | red | connect | connected | blue
16,3,20421131,15,15,0.9985815010144314,0.9047619047619048,0.03769761798176378,0.03684396536490546,-0.0008536526168583178,0.0008536526168583178,barrier | vapour | vapour barrier | vapor | vapor barrier | use | moisture | inside | no vapour | joists,barrier | vapour | vapour barrier | vapor | vapor barrier | use | moisture | no vapour | inside | osb
16,3,20421131,16,16,0.9967681341706488,0.9047619047619048,0.06340268124307895,0.06661954408906168,0.003216862845982729,0.003216862845982729,would | like | would not | would like | work | recommend | what would | how would | why would | love,would | like | would not | how would | would like | recommend | why would | what would | work | would recommend
16,4,20421232,1,5,0.9123439440649903,0.6,0.12027896237306505,0.1985038581610414,0.07822489578797635,0.07822489578797635,house | not | just | when | never | years | no | like | good | more,not | would | house | like | just | more | when | good | years | time
16,4,20421232,2,2,0.9993605287030638,1.0,0.03854581438635346,0.03705012664192731,-0.0014956877444261482,0.0014956877444261482,foam | spray | spray foam | cell | use | foam insulation | closed | closed cell | expanding | foam board,foam | spray | spray foam | cell | foam insulation | use | closed | closed cell | expanding | foam board
16,4,20421232,3,3,0.999444842869347,0.9047619047619048,0.06611219753551822,0.06673735053307416,0.0006251529975559306,0.0006251529975559306,what | what happens | happens | know what | what brand | using | what would | what kind | brand | kind,what | what would | what happens | happens | using | know what | what kind | what did | what size | kind
16,4,20421232,4,4,0.9988887803888923,0.8181818181818182,0.05581603562424899,0.05542793190787536,-0.0003881037163736348,0.0003881037163736348,how | cost | how did | how does | how long | know | long | how would | know how | how cost,how | cost | how did | how does | how long | how would | know | long | know how | how know
16,4,20421232,5,8,0.9987224759404297,1.0,0.069858398322456,0.06402780232078695,-0.005830596001669047,0.005830596001669047,heat | pump | heat pump | gas | water | pumps | heating | heat pumps | boiler | hot,heat | pump | heat pump | gas | water | heating | pumps | heat pumps | boiler | hot
16,4,20421232,6,6,0.9988381715785524,0.8181818181818182,0.08835379214475886,0.08779525240030629,-0.0005585397444525658,0.0005585397444525658,video | great | great video | thanks | thank | video thanks | hi | thanks video | videos | question,video | great | great video | thanks | thank | video thanks | hi | thanks video | videos | question
16,4,20421232,7,7,0.9980599878003307,0.8181818181818182,0.04132601371250854,0.03640219119985863,-0.00492382251264991,0.00492382251264991,why | why not | not | use | why would | not just | not use | why did | just | instead,why | why not | not | why would | use | not just | not use | why did | just | instead
16,4,20421232,8,1,0.9980041788211588,0.8181818181818182,0.08010743821124802,0.04011309418625199,-0.039994344024996034,0.039994344024996034,solar | panels | battery | solar panels | power | panel | inverter | batteries | grid | cost,solar | panels | battery | solar panels | power | panel | inverter | batteries | grid | cost
16,4,20421232,9,9,0.9962207174291517,0.8181818181818182,0.05737106236599675,0.05348412558166932,-0.00388693678432743,0.00388693678432743,does | does not | not | work | how does | does work | not work | mean | need | what does,does | does not | not | work | how does | does work | not work | mean | what does | need
16,4,20421232,10,10,0.9985452872136918,0.6666666666666666,0.04038357326296445,0.04037815868528009,-5.414577684360877e-06,5.414577684360877e-06,did | did not | how did | not | why did | did use | what did | where did | use | did cost,did | did not | how did | not | why did | did use | what did | where did | use | did cost
16,4,20421232,11,11,0.9990925649199274,0.7391304347826086,0.024574134721862262,0.028391353007009484,0.0038172182851472225,0.0038172182851472225,where | buy | where buy | where did | where does | live | know where | link | located | where live,where | buy | where buy | where did | where does | know where | live | located | based | door
16,4,20421232,12,12,0.9960408520937205,0.8181818181818182,0.09558702259500977,0.09227189727278082,-0.003315125322228954,0.003315125322228954,roof | air | vents | attic | cold | vent | warm | ridge | ventilation | soffit,air | roof | vents | cold | attic | vent | warm | ventilation | ridge | soffit
16,4,20421232,13,13,0.998570204869278,0.7391304347826086,0.07716231180642273,0.07598515638805442,-0.0011771554183683114,0.0011771554183683114,insulation | wall | cavity | walls | floor | wall insulation | cavity wall | between | board | brick,insulation | wall | cavity | walls | floor | wall insulation | cavity wall | between | board | damp
16,4,20421232,14,14,0.996209244508598,0.8181818181818182,0.043422943712744154,0.0510396418684102,0.007616698155666048,0.007616698155666048,wire | thermostat | wires | boiler | nest | connected | connect | blue | red | need,thermostat | wire | wires | boiler | nest | connected | red | connect | blue | white
16,4,20421232,15,15,0.9972629984697563,0.7391304347826086,0.03769761798176378,0.035665900924780586,-0.0020317170569831913,0.0020317170569831913,barrier | vapour | vapour barrier | vapor | vapor barrier | use | moisture | inside | no vapour | joists,barrier | vapour | vapour barrier | vapor | vapor barrier | use | moisture | inside | joists | drywall
16,4,20421232,16,16,0.021970191767932266,0.02564102564102564,0.06340268124307895,0.036726158920892975,-0.026676522322185973,0.026676522322185973,would | like | would not | would like | work | recommend | what would | how would | why would | love,never | seen | never seen | never knew | knew | years | thank | heard | never heard | would never
16,5,20421333,1,1,0.9256618473782662,0.6666666666666666,0.12027896237306505,0.11762973434646876,-0.002649228026596298,0.002649228026596298,house | not | just | when | never | years | no | like | good | more,not | just | house | like | never | good | years | did | when | no
16,5,20421333,2,2,0.9992985813640528,0.9047619047619048,0.03854581438635346,0.040171997408258234,0.001626183021904773,0.001626183021904773,foam | spray | spray foam | cell | use | foam insulation | closed | closed cell | expanding | foam board,foam | spray | spray foam | cell | use | foam insulation | foam board | closed | board | closed cell
16,5,20421333,3,3,0.9991269908364097,0.8181818181818182,0.06611219753551822,0.07139070507156742,0.005278507536049193,0.005278507536049193,what | what happens | happens | know what | what brand | using | what would | what kind | brand | kind,what | what kind | what happens | happens | what brand | using | kind | brand | know what | what would
16,5,20421333,4,4,0.9913064779471427,0.7391304347826086,0.05581603562424899,0.060552512222418566,0.004736476598169573,0.004736476598169573,how | cost | how did | how does | how long | know | long | how would | know how | how cost,how | how did | did | cost | how long | how does | know | long | how would | how cost
16,5,20421333,5,5,0.9416953566723937,0.42857142857142855,0.069858398322456,0.05180538375449137,-0.018053014567964626,0.018053014567964626,heat | pump | heat pump | gas | water | pumps | heating | heat pumps | boiler | hot,heat | pump | heat pump | pumps | heat pumps | gas | furnace | electric | loss | heat loss
16,5,20421333,6,6,0.9991381105318198,0.9047619047619048,0.08835379214475886,0.09483418743005242,0.0064803952852935665,0.0064803952852935665,video | great | great video | thanks | thank | video thanks | hi | thanks video | videos | question,video | great | great video | thanks | thank | video thanks | hi | thanks video | videos | question
16,5,20421333,7,7,0.9937524649777612,0.8181818181818182,0.04132601371250854,0.043028803675561056,0.001702789963052516,0.001702789963052516,why | why not | not | use | why would | not just | not use | why did | just | instead,why | why not | not | use | why would | why did | not use | not just | did | did not
16,5,20421333,8,8,0.9977948840790242,1.0,0.08010743821124802,0.07901867232137598,-0.0010887658898720426,0.0010887658898720426,solar | panels | battery | solar panels | power | panel | inverter | batteries | grid | cost,solar | panels | battery | solar panels | power | panel | inverter | batteries | grid | cost
16,5,20421333,9,13,0.9936060969953926,0.8181818181818182,0.05737106236599675,0.04765270660305119,-0.009718355762945559,0.009718355762945559,does | does not | not | work | how does | does work | not work | mean | need | what does,does | does not | work | not | how does | does work | not work | need | mean | what does
16,5,20421333,10,9,0.017334540616638115,0.0,0.04038357326296445,0.0690640278023208,0.028680454539356345,0.028680454539356345,did | did not | how did | not | why did | did use | what did | where did | use | did cost,water | heating | boiler | hot | temperature | hot water | room | radiators | radiator | set
16,5,20421333,11,10,0.9800632189804035,0.6,0.024574134721862262,0.0331330623785121,0.00855892765664984,0.00855892765664984,where | buy | where buy | where did | where does | live | know where | link | located | where live,where | did | buy | where did | where buy | where does | link | know where | did not | live
16,5,20421333,12,11,0.9946444322344253,0.8181818181818182,0.09558702259500977,0.060199092890381105,-0.035387929704628666,0.035387929704628666,roof | air | vents | attic | cold | vent | warm | ridge | ventilation | soffit,air | roof | vents | attic | cold | vent | warm | ventilation | ridge | gap
16,5,20421333,13,12,0.9971901061572214,0.8181818181818182,0.07716231180642273,0.09963480002356129,0.022472488217138556,0.022472488217138556,insulation | wall | cavity | walls | floor | wall insulation | cavity wall | between | board | brick,insulation | wall | cavity | walls | floor | wall insulation | cavity wall | between | damp | board
16,5,20421333,14,14,0.9792722743798049,0.8181818181818182,0.043422943712744154,0.03578370736879307,-0.0076392363439510835,0.0076392363439510835,wire | thermostat | wires | boiler | nest | connected | connect | blue | red | need,wire | thermostat | wires | nest | blue | red | connected | connect | white | furnace
16,5,20421333,15,15,0.9981314555562064,0.8181818181818182,0.03769761798176378,0.03428167520763386,-0.003415942774129918,0.003415942774129918,barrier | vapour | vapour barrier | vapor | vapor barrier | use | moisture | inside | no vapour | joists,barrier | vapour | vapour barrier | vapor | vapor barrier | moisture | use | no vapour | joists | inside
16,5,20421333,16,16,0.9949929652086021,0.9047619047619048,0.06340268124307895,0.06181893149555281,-0.0015837497475261406,0.0015837497475261406,would | like | would not | would like | work | recommend | what would | how would | why would | love,would | would not | like | recommend | work | would like | how would | what would | would recommend | why would
16,6,20421434,1,14,0.9229194299191635,0.7391304347826086,0.12027896237306505,0.16501737645049183,0.04473841407742678,0.04473841407742678,house | not | just | when | never | years | no | like | good | more,house | never | just | no | years | when | old | heating | windows | time
16,6,20421434,2,2,0.999402613097074,1.0,0.03854581438635346,0.0390528361901396,0.0005070218037861382,0.0005070218037861382,foam | spray | spray foam | cell | use | foam insulation | closed | closed cell | expanding | foam board,foam | spray | spray foam | cell | use | closed | closed cell | foam insulation | foam board | board
16,6,20421434,3,3,0.9992036591765959,0.8181818181818182,0.06611219753551822,0.06871060847028332,0.002598410934765094,0.002598410934765094,what | what happens | happens | know what | what brand | using | what would | what kind | brand | kind,what | what happens | happens | what kind | what did | know what | using | what would | what brand | kind
16,6,20421434,4,4,0.9960432325649958,0.8181818181818182,0.05581603562424899,0.05746009306709077,0.0016440574428417745,0.0016440574428417745,how | cost | how did | how does | how long | know | long | how would | know how | how cost,how | how did | cost | did | how long | how does | know | long | how would | know how
16,6,20421434,5,5,0.9986938349773747,1.0,0.069858398322456,0.06111209283147788,-0.008746305490978115,0.008746305490978115,heat | pump | heat pump | gas | water | pumps | heating | heat pumps | boiler | hot,heat | pump | heat pump | water | gas | heating | pumps | heat pumps | boiler | hot
16,6,20421434,6,7,0.9986626721691804,1.0,0.08835379214475886,0.08340696236084114,-0.004946829783917722,0.004946829783917722,video | great | great video | thanks | thank | video thanks | hi | thanks video | videos | question,video | great | great video | thanks | thank | hi | video thanks | thanks video | videos | question
16,6,20421434,7,6,0.9533593854275327,0.6666666666666666,0.04132601371250854,0.03775696530600224,-0.003569048406506299,0.003569048406506299,why | why not | not | use | why would | not just | not use | why did | just | instead,why | why not | why would | use | why did | not just | just | not use | why does | why use
16,6,20421434,8,11,0.9941344200368727,1.0,0.08010743821124802,0.05801967367615009,-0.022087764535097934,0.022087764535097934,solar | panels | battery | solar panels | power | panel | inverter | batteries | grid | cost,solar | panels | battery | power | solar panels | panel | cost | batteries | inverter | grid
16,6,20421434,9,9,0.9477961654604347,0.6666666666666666,0.05737106236599675,0.04694586793897626,-0.010425194427020487,0.010425194427020487,does | does not | not | work | how does | does work | not work | mean | need | what does,does | does not | work | how does | does work | not work | what does | mean | matter | does cost
16,6,20421434,10,1,0.45606053297657984,0.21212121212121213,0.04038357326296445,0.03819873947104906,-0.0021848337919153846,0.0021848337919153846,did | did not | how did | not | why did | did use | what did | where did | use | did cost,not | did | did not | know | use | not know | just | not use | sure | not need
16,6,20421434,11,10,0.9899065740781592,0.7391304347826086,0.024574134721862262,0.0305707722212405,0.005996637499378239,0.005996637499378239,where | buy | where buy | where did | where does | live | know where | link | located | where live,where | buy | where did | did | where buy | where does | live | located | link | know where
16,6,20421434,12,12,0.9979535681439367,1.0,0.09558702259500977,0.08337751074983801,-0.012209511845171758,0.012209511845171758,roof | air | vents | attic | cold | vent | warm | ridge | ventilation | soffit,air | roof | vents | attic | cold | vent | warm | ridge | ventilation | gap
16,6,20421434,13,8,0.9979287420055635,0.8181818181818182,0.07716231180642273,0.07006538257642693,-0.007096929229995802,0.007096929229995802,insulation | wall | cavity | walls | floor | wall insulation | cavity wall | between | board | brick,insulation | wall | cavity | walls | floor | wall insulation | cavity wall | between | board | loft
16,6,20421434,14,13,0.9976152000128578,0.8181818181818182,0.043422943712744154,0.049920480650291574,0.00649753693754742,0.00649753693754742,wire | thermostat | wires | boiler | nest | connected | connect | blue | red | need,wire | thermostat | wires | boiler | nest | red | blue | connected | connect | white
16,6,20421434,15,15,0.9979594937065285,0.9047619047619048,0.03769761798176378,0.03640219119985863,-0.001295426781905147,0.001295426781905147,barrier | vapour | vapour barrier | vapor | vapor barrier | use | moisture | inside | no vapour | joists,barrier | vapour | vapour barrier | vapor | vapor barrier | use | moisture | inside | joists | no vapour
16,6,20421434,16,16,0.9944617870464734,0.9047619047619048,0.06340268124307895,0.07398244683984213,0.010579765596763185,0.010579765596763185,would | like | would not | would like | work | recommend | what would | how would | why would | love,would | like | would not | would like | recommend | work | love | what would | how would | why would
16,7,20421535,1,1,0.9078776776494929,0.5384615384615384,0.12027896237306505,0.1036991223419921,-0.016579840031072948,0.016579840031072948,house | not | just | when | never | years | no | like | good | more,house | when | just | heating | never | no | years | old | room | water
16,7,20421535,2,2,0.999319100248283,1.0,0.03854581438635346,0.03920009424515521,0.0006542798588017526,0.0006542798588017526,foam | spray | spray foam | cell | use | foam insulation | closed | closed cell | expanding | foam board,foam | spray | spray foam | cell | use | closed | foam insulation | closed cell | foam board | expanding
16,7,20421535,3,3,0.9994598299573083,0.8181818181818182,0.06611219753551822,0.07053660835247688,0.004424410816958657,0.004424410816958657,what | what happens | happens | know what | what brand | using | what would | what kind | brand | kind,what | what happens | happens | what kind | using | know what | what brand | brand | kind | what did
16,7,20421535,4,4,0.9937370839121336,0.8181818181818182,0.05581603562424899,0.05704777051304706,0.001231734888798068,0.001231734888798068,how | cost | how did | how does | how long | know | long | how would | know how | how cost,how | how did | did | cost | how long | how does | know | long | how would | know how
16,7,20421535,5,5,0.9923370309725779,0.9047619047619048,0.069858398322456,0.05943335100429994,-0.010425047318156057,0.010425047318156057,heat | pump | heat pump | gas | water | pumps | heating | heat pumps | boiler | hot,heat | pump | heat pump | gas | pumps | heat pumps | water | boiler | heating | electric
16,7,20421535,6,6,0.998948988717552,0.9047619047619048,0.08835379214475886,0.0899452200035342,0.001591427858775335,0.001591427858775335,video | great | great video | thanks | thank | video thanks | hi | thanks video | videos | question,video | great | great video | thanks | thank | video thanks | thanks video | hi | videos | question
16,7,20421535,7,8,0.9501240403960963,0.7391304347826086,0.04132601371250854,0.03148377216233728,-0.009842241550171257,0.009842241550171257,why | why not | not | use | why would | not just | not use | why did | just | instead,why | why not | why would | why did | not just | just | use | instead | illegal | why does
16,7,20421535,8,14,0.9959297048298121,0.9047619047619048,0.08010743821124802,0.06588325381398362,-0.014224184397264403,0.014224184397264403,solar | panels | battery | solar panels | power | panel | inverter | batteries | grid | cost,solar | panels | battery | solar panels | power | panel | inverter | batteries | grid | cost
16,7,20421535,9,9,0.953061781945415,0.6666666666666666,0.05737106236599675,0.04989102903928845,-0.007480033326708296,0.007480033326708296,does | does not | not | work | how does | does work | not work | mean | need | what does,does | does not | work | how does | does work | not work | mean | not | what does | does cost
16,7,20421535,10,7,0.4732970117267898,0.21212121212121213,0.04038357326296445,0.08384873652588797,0.04346516326292352,0.04346516326292352,did | did not | how did | not | why did | did use | what did | where did | use | did cost,not | did | did not | use | know | not know | just | not use | sure | not need
16,7,20421535,11,10,0.9928597986719144,0.7391304347826086,0.024574134721862262,0.03342757848854332,0.008853443766681061,0.008853443766681061,where | buy | where buy | where did | where does | live | know where | link | located | where live,where | where did | buy | where buy | did | where does | live | know where | link | video where
16,7,20421535,12,12,0.9937778106863293,0.8181818181818182,0.09558702259500977,0.07769334982623549,-0.01789367276877428,0.01789367276877428,roof | air | vents | attic | cold | vent | warm | ridge | ventilation | soffit,roof | air | vents | attic | vent | cold | ridge | warm | ventilation | soffit
16,7,20421535,13,11,0.997900349184974,0.8181818181818182,0.07716231180642273,0.06270247982564646,-0.014459831980776272,0.014459831980776272,insulation | wall | cavity | walls | floor | wall insulation | cavity wall | between | board | brick,insulation | wall | cavity | walls | wall insulation | floor | cavity wall | between | board | brick
16,7,20421535,14,13,0.9963605416823909,1.0,0.043422943712744154,0.046828061494963776,0.0034051177822196216,0.0034051177822196216,wire | thermostat | wires | boiler | nest | connected | connect | blue | red | need,wire | thermostat | wires | boiler | nest | red | connected | connect | blue | white
16,7,20421535,15,15,0.9961351219051904,0.8181818181818182,0.03769761798176378,0.0409377392943394,0.0032401213125756237,0.0032401213125756237,barrier | vapour | vapour barrier | vapor | vapor barrier | use | moisture | inside | no vapour | joists,barrier | vapour | vapor | vapour barrier | vapor barrier | moisture | use | inside | joists | drywall
16,7,20421535,16,16,0.9905005884236371,0.8181818181818182,0.06340268124307895,0.08744183306826883,0.024039151825189883,0.024039151825189883,would | like | would not | would like | work | recommend | what would | how would | why would | love,would | like | would not | work | would like | how would | love | recommend | what would | why would
16,8,20421636,1,5,0.9296822814184815,0.7391304347826086,0.12027896237306505,0.15341344171526183,0.03313447934219678,0.03313447934219678,house | not | just | when | never | years | no | like | good | more,house | just | when | never | years | no | heating | old | more | new
16,8,20421636,2,2,0.9993292733596142,0.9047619047619048,0.03854581438635346,0.038669965247099015,0.00012415086074555465,0.00012415086074555465,foam | spray | spray foam | cell | use | foam insulation | closed | closed cell | expanding | foam board,foam | spray | spray foam | cell | use | closed cell | foam insulation | closed | expanding | foam board
16,8,20421636,3,3,0.9993996754057264,0.9047619047619048,0.06611219753551822,0.0677387053071803,0.0016265077716620807,0.0016265077716620807,what | what happens | happens | know what | what brand | using | what would | what kind | brand | kind,what | what would | what kind | what happens | what brand | happens | kind | brand | using | what did
16,8,20421636,4,4,0.994023715612588,0.7391304347826086,0.05581603562424899,0.055663544795900334,-0.00015249082834865868,0.00015249082834865868,how | cost | how did | how does | how long | know | long | how would | know how | how cost,how | how did | cost | did | how does | how long | know | long | how would | know how
16,8,20421636,5,8,0.9971598079042483,1.0,0.069858398322456,0.060552512222418566,-0.009305886100037429,0.009305886100037429,heat | pump | heat pump | gas | water | pumps | heating | heat pumps | boiler | hot,heat | pump | heat pump | gas | pumps | heat pumps | water | heating | boiler | hot
16,8,20421636,6,6,0.9992477405862755,1.0,0.08835379214475886,0.08526241385403782,-0.0030913782907210363,0.0030913782907210363,video | great | great video | thanks | thank | video thanks | hi | thanks video | videos | question,video | great | great video | thanks | thank | video thanks | hi | thanks video | question | videos
16,8,20421636,7,7,0.9540548533902533,0.6666666666666666,0.04132601371250854,0.036902868586911705,-0.004423145125596835,0.004423145125596835,why | why not | not | use | why would | not just | not use | why did | just | instead,why | why not | why would | why did | just | not just | use | not use | instead | why does
16,8,20421636,8,11,0.9976942949698235,0.9047619047619048,0.08010743821124802,0.05592860929492843,-0.02417882891631959,0.02417882891631959,solar | panels | battery | solar panels | power | panel | inverter | batteries | grid | cost,solar | panels | battery | solar panels | power | panel | inverter | batteries | cost | grid
16,8,20421636,9,9,0.9518479309506149,0.7391304347826086,0.05737106236599675,0.05053896448135713,-0.006832097884639614,0.006832097884639614,does | does not | not | work | how does | does work | not work | mean | need | what does,does | does not | work | how does | does work | not work | mean | matter | not | what does
16,8,20421636,10,1,0.49715358028929374,0.21212121212121213,0.04038357326296445,0.041850739235436175,0.0014671659724717276,0.0014671659724717276,did | did not | how did | not | why did | did use | what did | where did | use | did cost,not | did | did not | use | know | not know | not use | sure | just | does not
16,8,20421636,11,10,0.9963456338139586,0.7391304347826086,0.024574134721862262,0.03074748188725923,0.00617334716539697,0.00617334716539697,where | buy | where buy | where did | where does | live | know where | link | located | where live,where | buy | where buy | where did | did | link | where does | know where | live | video where
16,8,20421636,12,12,0.9982468805437803,0.9047619047619048,0.09558702259500977,0.08370147847087235,-0.01188554412413742,0.01188554412413742,roof | air | vents | attic | cold | vent | warm | ridge | ventilation | soffit,roof | air | vents | attic | vent | cold | warm | ridge | ventilation | soffit
16,8,20421636,13,13,0.9982420922402947,0.8181818181818182,0.07716231180642273,0.0735112210637922,-0.003651090742630536,0.003651090742630536,insulation | wall | cavity | walls | floor | wall insulation | cavity wall | between | board | brick,insulation | wall | cavity | walls | wall insulation | floor | cavity wall | between | board | brick
16,8,20421636,14,14,0.9975589964373321,0.8181818181818182,0.043422943712744154,0.046533545384932554,0.0031106016721883997,0.0031106016721883997,wire | thermostat | wires | boiler | nest | connected | connect | blue | red | need,wire | thermostat | wires | boiler | nest | blue | connect | connected | need | red
16,8,20421636,15,15,0.9962956005788797,0.7391304347826086,0.03769761798176378,0.041674029569417445,0.003976411587653668,0.003976411587653668,barrier | vapour | vapour barrier | vapor | vapor barrier | use | moisture | inside | no vapour | joists,barrier | vapour | vapor | vapour barrier | vapor barrier | use | moisture | inside | joists | between
16,8,20421636,16,16,0.9957501701917395,0.9047619047619048,0.06340268124307895,0.07731047888319491,0.01390779764011596,0.01390779764011596,would | like | would not | would like | work | recommend | what would | how would | why would | love,would | like | would not | would like | what would | how would | why would | love | work | recommend
16,9,20421737,1,1,0.9943390467966198,0.8181818181818182,0.12027896237306505,0.1160687989633033,-0.004210163409761755,0.004210163409761755,house | not | just | when | never | years | no | like | good | more,house | just | not | when | no | years | never | good | more | heating
16,9,20421737,2,2,0.9994730444379318,0.9047619047619048,0.03854581438635346,0.03799257819402721,-0.0005532361923262508,0.0005532361923262508,foam | spray | spray foam | cell | use | foam insulation | closed | closed cell | expanding | foam board,foam | spray | spray foam | use | cell | foam insulation | closed cell | closed | expanding | foam board
16,9,20421737,3,3,0.999555792619884,1.0,0.06611219753551822,0.06691406019909289,0.0008018626635746678,0.0008018626635746678,what | what happens | happens | know what | what brand | using | what would | what kind | brand | kind,what | what happens | using | happens | what kind | know what | kind | what would | what brand | brand
16,9,20421737,4,4,0.9993758010646262,0.9047619047619048,0.05581603562424899,0.05271838369558815,-0.0030976519286608425,0.0030976519286608425,how | cost | how did | how does | how long | know | long | how would | know how | how cost,how | cost | how does | how did | how long | know | long | how would | know how | how cost
16,9,20421737,5,8,0.9989389878015289,1.0,0.069858398322456,0.06738528597514284,-0.00247311234731315,0.00247311234731315,heat | pump | heat pump | gas | water | pumps | heating | heat pumps | boiler | hot,heat | pump | heat pump | gas | water | pumps | heat pumps | heating | boiler | hot
16,9,20421737,6,6,0.9993436750536916,0.9047619047619048,0.08835379214475886,0.09044589739058727,0.00209210524582841,0.00209210524582841,video | great | great video | thanks | thank | video thanks | hi | thanks video | videos | question,video | great | great video | thanks | thank | video thanks | hi | thanks video | question | videos
16,9,20421737,7,7,0.9978584137274985,0.9047619047619048,0.04132601371250854,0.037698062083995995,-0.003627951628512545,0.003627951628512545,why | why not | not | use | why would | not just | not use | why did | just | instead,why | why not | not | why would | not just | just | use | why did | not use | instead
16,9,20421737,8,5,0.9983158933689413,1.0,0.08010743821124802,0.05557518996289097,-0.02453224824835705,0.02453224824835705,solar | panels | battery | solar panels | power | panel | inverter | batteries | grid | cost,solar | panels | battery | solar panels | power | panel | inverter | batteries | grid | cost
16,9,20421737,9,9,0.9931672049179914,0.7391304347826086,0.05737106236599675,0.06974141485539259,0.012370352489395844,0.012370352489395844,does | does not | not | work | how does | does work | not work | mean | need | what does,does | not | does not | work | how does | not work | does work | need | not need | mean
16,9,20421737,10,10,0.9962434053214841,0.7391304347826086,0.04038357326296445,0.04014254579725511,-0.00024102746570933697,0.00024102746570933697,did | did not | how did | not | why did | did use | what did | where did | use | did cost,did | did not | how did | not | use | did use | why did | what did | where did | did cost
16,9,20421737,11,14,0.999035542500228,0.8181818181818182,0.024574134721862262,0.03154267538434352,0.00696854066248126,0.00696854066248126,where | buy | where buy | where did | where does | live | know where | link | located | where live,where | buy | where buy | where did | where does | live | know where | link | know | where live
16,9,20421737,12,11,0.9986133380615725,0.8181818181818182,0.09558702259500977,0.09395063909995877,-0.0016363834950510053,0.0016363834950510053,roof | air | vents | attic | cold | vent | warm | ridge | ventilation | soffit,roof | air | vents | attic | cold | vent | warm | ridge | ventilation | soffit
16,9,20421737,13,15,0.9987828611327626,0.8181818181818182,0.07716231180642273,0.08143370442363197,0.004271392617209241,0.004271392617209241,insulation | wall | cavity | walls | floor | wall insulation | cavity wall | between | board | brick,insulation | wall | cavity | walls | floor | wall insulation | cavity wall | board | between | brick
16,9,20421737,14,13,0.998285210148691,0.9047619047619048,0.043422943712744154,0.05321906108264122,0.009796117369897064,0.009796117369897064,wire | thermostat | wires | boiler | nest | connected | connect | blue | red | need,wire | thermostat | wires | boiler | nest | need | connected | blue | connect | red
16,9,20421737,15,12,0.998803845892622,0.7391304347826086,0.03769761798176378,0.029922836779171822,-0.007774781202591955,0.007774781202591955,barrier | vapour | vapour barrier | vapor | vapor barrier | use | moisture | inside | no vapour | joists,barrier | vapour | vapour barrier | vapor | vapor barrier | use | moisture | inside | foil | joists
16,9,20421737,16,16,0.9964848361446546,0.8181818181818182,0.06340268124307895,0.07524886611297638,0.011846184869897428,0.011846184869897428,would | like | would not | would like | work | recommend | what would | how would | why would | love,would | like | would not | would like | recommend | why would | what would | love | how would | work
16,10,20421838,1,11,0.8267162474889846,0.3793103448275862,0.12027896237306505,0.18525063320963656,0.0649716708365715,0.0649716708365715,house | not | just | when | never | years | no | like | good | more,house | air | not | when | no | cold | just | room | windows | heating
16,10,20421838,2,2,0.9990979447830701,1.0,0.03854581438635346,0.03978912646521765,0.0012433120788641894,0.0012433120788641894,foam | spray | spray foam | cell | use | foam insulation | closed | closed cell | expanding | foam board,foam | spray | spray foam | cell | use | foam insulation | closed | closed cell | foam board | board
16,10,20421838,3,3,0.99943380561484,0.8181818181818182,0.06611219753551822,0.06379218943276198,-0.0023200081027562464,0.0023200081027562464,what | what happens | happens | know what | what brand | using | what would | what kind | brand | kind,what | what happens | happens | know what | what brand | using | what kind | brand | what would | kind
16,10,20421838,4,4,0.9993657042638998,0.8181818181818182,0.05581603562424899,0.053277964304647464,-0.0025380713196015287,0.0025380713196015287,how | cost | how did | how does | how long | know | long | how would | know how | how cost,how | cost | how did | how does | how long | know | long | how would | know how | how cost
16,10,20421838,5,5,0.9941377249771836,0.9047619047619048,0.069858398322456,0.059845673558343644,-0.01001272476411235,0.01001272476411235,heat | pump | heat pump | gas | water | pumps | heating | heat pumps | boiler | hot,heat | pump | heat pump | gas | pumps | heat pumps | water | heating | boiler | electric
16,10,20421838,6,6,0.9987867277140974,1.0,0.08835379214475886,0.0837603816928786,-0.0045934104518802615,0.0045934104518802615,video | great | great video | thanks | thank | video thanks | hi | thanks video | videos | question,video | great | great video | thanks | thank | video thanks | hi | thanks video | videos | question
16,10,20421838,7,7,0.998261540704308,0.9047619047619048,0.04132601371250854,0.0409377392943394,-0.00038827441816913916,0.00038827441816913916,why | why not | not | use | why would | not just | not use | why did | just | instead,why | why not | not | why would | use | not just | just | why did | not use | instead
16,10,20421838,8,8,0.9892592149018687,1.0,0.08010743821124802,0.08169876892266006,0.0015913307114120423,0.0015913307114120423,solar | panels | battery | solar panels | power | panel | inverter | batteries | grid | cost,solar | panels | battery | power | solar panels | panel | batteries | inverter | grid | cost
16,10,20421838,9,9,0.9937286462424068,0.6,0.05737106236599675,0.06659009247805855,0.009219030112061807,0.009219030112061807,does | does not | not | work | how does | does work | not work | mean | need | what does,does | not | does not | work | how does | not work | does work | need | know | mean
16,10,20421838,10,10,0.996400334812938,0.7391304347826086,0.04038357326296445,0.0359604170348118,-0.004423156228152647,0.004423156228152647,did | did not | how did | not | why did | did use | what did | where did | use | did cost,did | did not | how did | not | why did | did use | use | what did | where did | did cost
16,10,20421838,11,12,0.9990427997456127,0.9047619047619048,0.024574134721862262,0.024209224244566178,-0.00036491047729608414,0.00036491047729608414,where | buy | where buy | where did | where does | live | know where | link | located | where live,where | buy | where buy | where did | where does | link | know where | live | know | located
16,10,20421838,12,16,0.015923075283757297,0.0,0.09558702259500977,0.034252223596630736,-0.061334798998379035,0.061334798998379035,roof | air | vents | attic | cold | vent | warm | ridge | ventilation | soffit,never | seen | never seen | years | never knew | heard | knew | never heard | thank | would never
16,10,20421838,13,1,0.9973569917637942,0.8181818181818182,0.07716231180642273,0.0418801908464393,-0.03528212095998343,0.03528212095998343,insulation | wall | cavity | walls | floor | wall insulation | cavity wall | between | board | brick,insulation | wall | cavity | walls | floor | wall insulation | cavity wall | between | board | brick
16,10,20421838,14,13,0.9949065364551697,0.7391304347826086,0.043422943712744154,0.04856570654414796,0.005142762831403809,0.005142762831403809,wire | thermostat | wires | boiler | nest | connected | connect | blue | red | need,thermostat | wire | wires | boiler | nest | connected | connect | blue | red | just
16,10,20421838,15,15,0.6717735365053642,0.25,0.03769761798176378,0.06697296342109914,0.02927534543933536,0.02927534543933536,barrier | vapour | vapour barrier | vapor | vapor barrier | use | moisture | inside | no vapour | joists,roof | barrier | vapour | vapour barrier | vapor | vapor barrier | warm | warm roof | flat | vents
16,10,20421838,16,14,0.9497279801603867,0.5384615384615384,0.06340268124307895,0.07321670495376097,0.009814023710682018,0.009814023710682018,would | like | would not | would like | work | recommend | what would | how would | why would | love,would | like | would not | looks | would like | love | work | looks like | not | could
