dominant_topic_number,dominant_topic_label,secondary_topic_number,secondary_topic_label,comment_count,share_of_all_comments,share_within_dominant_topic,mean_secondary_relative_weight,median_secondary_relative_weight,mean_dominance_margin
6,"Praise, gratitude and social endorsement",1,Situated household retrofit experience and building context,1074,0.025304526070258935,0.2864,0.20428810488834506,0.1991966702189466,0.37189928711561887
12,Roof and attic ventilation and airflow,1,Situated household retrofit experience and building context,1061,0.024998232924157104,0.26152329307369976,0.22149840738055734,0.21684297862828608,0.3098658105765438
8,"Solar PV, batteries and power systems",1,Situated household retrofit experience and building context,945,0.022265155620479232,0.27794117647058825,0.20305104304935626,0.1938684177844021,0.3755375948855643
13,"Wall, cavity and floor insulation",1,Situated household retrofit experience and building context,928,0.021864618429422993,0.2833587786259542,0.21915008421148852,0.21537842004241436,0.32566866954518825
5,Heat pumps and heating systems,1,Situated household retrofit experience and building context,805,0.0189666140470749,0.2715008431703204,0.22020466659823207,0.21466806837806782,0.2804973671747117
3,Clarification and specification questions,1,Situated household retrofit experience and building context,667,0.015715194496147774,0.23770491803278687,0.17428649302077373,0.1744436958872401,0.43281851589120024
1,Situated household retrofit experience and building context,12,Roof and attic ventilation and airflow,655,0.015432462361284547,0.12830558276199805,0.23954750315444268,0.23128039956168905,0.2389857954600042
16,"Prospective choices, recommendations and alternatives",1,Situated household retrofit experience and building context,644,0.01517329123765992,0.23931623931623933,0.22502211595766966,0.2209041210954576,0.3028173748605621
1,Situated household retrofit experience and building context,8,"Solar PV, batteries and power systems",611,0.014395777866786042,0.11968658178256611,0.23191032566597114,0.22334367082023862,0.23730059910173518
12,Roof and attic ventilation and airflow,13,"Wall, cavity and floor insulation",583,0.013736069552105176,0.14370224303672666,0.23944284452965234,0.23424295372239537,0.23427669583269564
4,"Implementation, cost and how-to questions",1,Situated household retrofit experience and building context,561,0.013217727304855924,0.23680878007598144,0.17934339835519375,0.1776260929447087,0.4283683506670043
1,Situated household retrofit experience and building context,6,"Praise, gratitude and social endorsement",537,0.012652263035129467,0.10519098922624878,0.2309526754215499,0.22789768638907804,0.2757462972222826
1,Situated household retrofit experience and building context,16,"Prospective choices, recommendations and alternatives",515,0.012133920787880215,0.10088148873653281,0.20390640955341424,0.2166143973336354,0.32748251851528865
1,Situated household retrofit experience and building context,9,Performance checking and troubleshooting,510,0.012016115731687205,0.09990205680705191,0.22018982261812436,0.21794125899980982,0.17060460918216616
1,Situated household retrofit experience and building context,13,"Wall, cavity and floor insulation",487,0.01147421247319935,0.09539666993143976,0.22019164329042493,0.21685700714142594,0.2745328901021753
13,"Wall, cavity and floor insulation",12,Roof and attic ventilation and airflow,482,0.011356407417006338,0.14717557251908397,0.24059547304214154,0.23763272039748734,0.23486077038493122
8,"Solar PV, batteries and power systems",16,"Prospective choices, recommendations and alternatives",418,0.009848502697735786,0.12294117647058823,0.202254908226655,0.2099494363811777,0.36309343904941005
9,Performance checking and troubleshooting,1,Situated household retrofit experience and building context,404,0.009518648540395355,0.16591375770020533,0.20159368896494465,0.20599238086905852,0.300818782651791
1,Situated household retrofit experience and building context,5,Heat pumps and heating systems,397,0.009353721461725138,0.07776689520078355,0.24616438221275494,0.24044274299002513,0.18881847951292363
6,"Praise, gratitude and social endorsement",16,"Prospective choices, recommendations and alternatives",349,0.008222792922272223,0.09306666666666667,0.21740246885866474,0.22831259083200303,0.3097770239069238
14,Thermostat wiring and smart heating controls,1,Situated household retrofit experience and building context,346,0.008152109888556417,0.18773738469886056,0.2123072138089919,0.21070510293721806,0.280976126661892
12,Roof and attic ventilation and airflow,16,"Prospective choices, recommendations and alternatives",344,0.008104987866079213,0.08479171801824008,0.23099082887226532,0.22940591606916447,0.2201893913066693
5,Heat pumps and heating systems,16,"Prospective choices, recommendations and alternatives",343,0.008081426854840609,0.11568296795952783,0.22362277022796248,0.22644754095259875,0.24947439216771938
2,Spray foam and foam insulation,1,Situated household retrofit experience and building context,331,0.007798694719977382,0.20232273838630807,0.1551332152480077,0.1424114835912134,0.5079067049001725
1,Situated household retrofit experience and building context,14,Thermostat wiring and smart heating controls,324,0.007633767641307165,0.06346718903036239,0.21667035930999912,0.21057932302591753,0.27792922979292983
15,Vapour barriers and moisture control,13,"Wall, cavity and floor insulation",315,0.007421718540159744,0.196875,0.20906867021650485,0.2054664905213718,0.2913997302554167
3,Clarification and specification questions,13,"Wall, cavity and floor insulation",311,0.007327474495205334,0.11083392729864576,0.23617928584742567,0.24052540966041516,0.299609265966466
10,"Implementation follow-up, outcomes and retrospective questions",1,Situated household retrofit experience and building context,308,0.007256791461489527,0.17969661610268378,0.2143858972170545,0.21636708182441766,0.32415492500410403
13,"Wall, cavity and floor insulation",16,"Prospective choices, recommendations and alternatives",302,0.007115425394057913,0.09221374045801527,0.2169268068892503,0.2250470500687583,0.2710382951487655
15,Vapour barriers and moisture control,12,Roof and attic ventilation and airflow,290,0.006832693259194685,0.18125,0.2170549624853988,0.21628765857299428,0.26172720499905844
3,Clarification and specification questions,12,Roof and attic ventilation and airflow,287,0.0067620102254788775,0.1022808267997149,0.21358893484023883,0.2173965387951379,0.3868736329778548
6,"Praise, gratitude and social endorsement",14,Thermostat wiring and smart heating controls,287,0.0067620102254788775,0.07653333333333333,0.19966577109062378,0.1931252249585353,0.36486642363935223
16,"Prospective choices, recommendations and alternatives",13,"Wall, cavity and floor insulation",286,0.006738449214240275,0.10628019323671498,0.25147687029694554,0.24355760381646907,0.19984813948376878
12,Roof and attic ventilation and airflow,5,Heat pumps and heating systems,285,0.006714888203001673,0.0702489524279024,0.2159036045740951,0.22498148622921538,0.3265064223290547
8,"Solar PV, batteries and power systems",6,"Praise, gratitude and social endorsement",281,0.006620644158047263,0.0826470588235294,0.21705040346720986,0.21642918436676722,0.30865121592598826
9,Performance checking and troubleshooting,7,"Alternative methods, challenges and ""why"" questions",280,0.006597083146808661,0.11498973305954825,0.26392137418172107,0.27747636584668695,0.10280489005500452
8,"Solar PV, batteries and power systems",5,Heat pumps and heating systems,279,0.006573522135570059,0.08205882352941177,0.22493511656139847,0.2315890706464713,0.3079885101838068
2,Spray foam and foam insulation,13,"Wall, cavity and floor insulation",274,0.006455717079377047,0.16748166259168704,0.22104093938915084,0.22021310668623267,0.31351244304028236
8,"Solar PV, batteries and power systems",4,"Implementation, cost and how-to questions",272,0.006408595056899842,0.08,0.23215632455963386,0.2261962250427148,0.26465685879760364
3,Clarification and specification questions,8,"Solar PV, batteries and power systems",272,0.006408595056899842,0.09693513898788311,0.18931060856812323,0.18283581248982123,0.4316666998249371
3,Clarification and specification questions,6,"Praise, gratitude and social endorsement",270,0.006361473034422638,0.0962223806129722,0.24073750258178458,0.24642295623266897,0.2720624654051096
12,Roof and attic ventilation and airflow,9,Performance checking and troubleshooting,270,0.006361473034422638,0.06655163914222331,0.2017979795432094,0.19192069660481803,0.2724826081685822
7,"Alternative methods, challenges and ""why"" questions",1,Situated household retrofit experience and building context,269,0.006337912023184035,0.153363740022805,0.15669690370054315,0.1486388881526559,0.47041266016747707
5,Heat pumps and heating systems,12,Roof and attic ventilation and airflow,267,0.0062907900007068305,0.09005059021922428,0.22516513400601615,0.22408023928134613,0.2570893129838218
1,Situated household retrofit experience and building context,7,"Alternative methods, challenges and ""why"" questions",267,0.0062907900007068305,0.05230166503428012,0.2038641033501805,0.19969786571479872,0.24475430558383937
1,Situated household retrofit experience and building context,15,Vapour barriers and moisture control,267,0.0062907900007068305,0.05230166503428012,0.20007702269825858,0.19574583535357565,0.255241357814204
13,"Wall, cavity and floor insulation",15,Vapour barriers and moisture control,264,0.006220106966991023,0.08061068702290076,0.1903907435472973,0.18999345697886139,0.27863834375558627
9,Performance checking and troubleshooting,4,"Implementation, cost and how-to questions",256,0.0060316188770822045,0.10513347022587269,0.32538084942803164,0.32978132604595245,0.11475328310569921
10,"Implementation follow-up, outcomes and retrospective questions",4,"Implementation, cost and how-to questions",254,0.005984496854604999,0.14819136522753792,0.33742744302430533,0.33861065474892554,0.1006004400781202
12,Roof and attic ventilation and airflow,6,"Praise, gratitude and social endorsement",253,0.005960935843366397,0.06236135075178703,0.2417532907054196,0.24332425557200843,0.19797336559326448
6,"Praise, gratitude and social endorsement",13,"Wall, cavity and floor insulation",253,0.005960935843366397,0.06746666666666666,0.23630822138560165,0.23064003294716792,0.2504129875069789
5,Heat pumps and heating systems,8,"Solar PV, batteries and power systems",252,0.005937374832127795,0.08499156829679595,0.22509659504766202,0.2244064752877913,0.2688127578296527
16,"Prospective choices, recommendations and alternatives",6,"Praise, gratitude and social endorsement",248,0.005843130787173386,0.09215904868078781,0.2634503901684229,0.2594904919424438,0.18022057597556682
12,Roof and attic ventilation and airflow,15,Vapour barriers and moisture control,248,0.005843130787173386,0.06112891298989401,0.2219709673872013,0.21303345645976962,0.22252590371519113
16,"Prospective choices, recommendations and alternatives",3,Clarification and specification questions,239,0.005631081686025964,0.08881456707543664,0.3005945514464698,0.2925075760102289,0.09812432690473495
4,"Implementation, cost and how-to questions",6,"Praise, gratitude and social endorsement",237,0.00558395966354876,0.10004221190375685,0.2647729690303813,0.2695883071298442,0.20827511926894343
4,"Implementation, cost and how-to questions",16,"Prospective choices, recommendations and alternatives",235,0.0055368376410715545,0.09919797382861967,0.2698060591652791,0.300150866021627,0.22581411376824978
6,"Praise, gratitude and social endorsement",12,Roof and attic ventilation and airflow,234,0.005513276629832952,0.0624,0.2247022907529883,0.21773214876944472,0.27163976018110514
6,"Praise, gratitude and social endorsement",4,"Implementation, cost and how-to questions",229,0.005395471573639941,0.061066666666666665,0.27094503078977267,0.26572059262571,0.1741733421519249
6,"Praise, gratitude and social endorsement",3,Clarification and specification questions,228,0.005371910562401338,0.0608,0.27125038139410124,0.2716640647906488,0.2226608555991605
6,"Praise, gratitude and social endorsement",5,Heat pumps and heating systems,228,0.005371910562401338,0.0608,0.22884015742462993,0.23615490091858726,0.26555885111980715
7,"Alternative methods, challenges and ""why"" questions",16,"Prospective choices, recommendations and alternatives",227,0.005348349551162736,0.12941847206385404,0.2734898205722706,0.298466385936491,0.24789130362222414
8,"Solar PV, batteries and power systems",9,Performance checking and troubleshooting,224,0.0052776665174469285,0.06588235294117648,0.19900884704404412,0.19983650033309097,0.33537929740941436
16,"Prospective choices, recommendations and alternatives",12,Roof and attic ventilation and airflow,223,0.005254105506208326,0.08286882199925678,0.2474741418194726,0.2458517074605334,0.21093719554665266
6,"Praise, gratitude and social endorsement",8,"Solar PV, batteries and power systems",220,0.005183422472492519,0.058666666666666666,0.20381074394695806,0.2048664177845073,0.3578207317668846
14,Thermostat wiring and smart heating controls,9,Performance checking and troubleshooting,217,0.005112739438776713,0.11774281063483451,0.21647362811438375,0.21153854591918356,0.29477520090861714
2,Spray foam and foam insulation,12,Roof and attic ventilation and airflow,216,0.00508917842753811,0.13202933985330073,0.23009592410890942,0.2269835464597494,0.2921056362822335
3,Clarification and specification questions,16,"Prospective choices, recommendations and alternatives",214,0.0050420564050609054,0.07626514611546685,0.1832635905914733,0.20181624345387386,0.42610580419637656
4,"Implementation, cost and how-to questions",8,"Solar PV, batteries and power systems",209,0.004924251348867893,0.08822287885183622,0.21291844802794457,0.20170097146806473,0.41204546282292515
13,"Wall, cavity and floor insulation",6,"Praise, gratitude and social endorsement",208,0.004900690337629291,0.0635114503816794,0.2513188701782778,0.2506595577253369,0.23912524948032501
5,Heat pumps and heating systems,6,"Praise, gratitude and social endorsement",207,0.004877129326390689,0.06981450252951096,0.22641585484737084,0.2157412283249524,0.2729005212493925
10,"Implementation follow-up, outcomes and retrospective questions",3,Clarification and specification questions,205,0.004830007303913484,0.11960326721120186,0.3140565654516366,0.3089498714588913,0.1108212292829244
6,"Praise, gratitude and social endorsement",9,Performance checking and troubleshooting,200,0.004712202247720472,0.05333333333333334,0.21342628716750267,0.20710370033328282,0.27529434680361076
4,"Implementation, cost and how-to questions",12,Roof and attic ventilation and airflow,198,0.004665080225243267,0.08357956943858168,0.22057332783750716,0.2099539625621767,0.37990130687371454
9,Performance checking and troubleshooting,12,Roof and attic ventilation and airflow,197,0.004641519214004665,0.08090349075975359,0.2363475886476237,0.24088344560119898,0.2323928291938922
9,Performance checking and troubleshooting,3,Clarification and specification questions,196,0.004617958202766063,0.08049281314168377,0.2901501156840814,0.2796373520052222,0.16896363685068871
11,"Product sourcing, access and location questions",1,Situated household retrofit experience and building context,196,0.004617958202766063,0.18791946308724833,0.1912786786070215,0.1965021344581897,0.34398082215183107
8,"Solar PV, batteries and power systems",3,Clarification and specification questions,195,0.004594397191527461,0.057352941176470586,0.2472520560468902,0.23729392995223,0.2697671105583721
14,Thermostat wiring and smart heating controls,6,"Praise, gratitude and social endorsement",195,0.004594397191527461,0.1058057514921324,0.2369999773416623,0.2355652658390737,0.26818039350657813
3,Clarification and specification questions,14,Thermostat wiring and smart heating controls,192,0.004523714157811653,0.0684248039914469,0.2249621890827005,0.21475101851700146,0.3612173829710285
16,"Prospective choices, recommendations and alternatives",8,"Solar PV, batteries and power systems",191,0.004500153146573051,0.07097733184689707,0.23024144228514812,0.2237592007325588,0.2459810602862163
4,"Implementation, cost and how-to questions",13,"Wall, cavity and floor insulation",186,0.004382348090380039,0.07851414098775855,0.24793793374654605,0.2523283506940861,0.27524562303890265
8,"Solar PV, batteries and power systems",14,Thermostat wiring and smart heating controls,185,0.004358787079141437,0.054411764705882354,0.16128171160241736,0.14806644252771228,0.4616966981426657
5,Heat pumps and heating systems,9,Performance checking and troubleshooting,184,0.004335226067902835,0.06205733558178752,0.21273482473877633,0.20738138892658825,0.2503086836579842
9,Performance checking and troubleshooting,14,Thermostat wiring and smart heating controls,180,0.004240982022948425,0.07392197125256673,0.2239360149306887,0.2210351554470827,0.30253888243726984
15,Vapour barriers and moisture control,1,Situated household retrofit experience and building context,180,0.004240982022948425,0.1125,0.18184769860364605,0.1785175378790358,0.3263531893986417
7,"Alternative methods, challenges and ""why"" questions",12,Roof and attic ventilation and airflow,178,0.00419386000047122,0.10148232611174458,0.2199903275344393,0.23177179912791462,0.3892982630229559
12,Roof and attic ventilation and airflow,3,Clarification and specification questions,175,0.004123176966755413,0.04313532166625585,0.2620245462831119,0.2616334753082299,0.2103142789366644
16,"Prospective choices, recommendations and alternatives",4,"Implementation, cost and how-to questions",174,0.004099615955516811,0.06465997770345597,0.28042185230154304,0.2789769505267627,0.10366784809207336
8,"Solar PV, batteries and power systems",12,Roof and attic ventilation and airflow,174,0.004099615955516811,0.051176470588235295,0.2211448125763403,0.20572977611597626,0.30924342307550295
9,Performance checking and troubleshooting,13,"Wall, cavity and floor insulation",173,0.0040760549442782085,0.07104722792607802,0.22975331986319034,0.24084454006453035,0.30433338269935234
13,"Wall, cavity and floor insulation",9,Performance checking and troubleshooting,173,0.0040760549442782085,0.05282442748091603,0.19848662394355696,0.18707704779559378,0.27657083947842753
9,Performance checking and troubleshooting,16,"Prospective choices, recommendations and alternatives",168,0.003958249888085197,0.06899383983572896,0.1927717350652936,0.19838531774987592,0.3314610050160757
14,Thermostat wiring and smart heating controls,5,Heat pumps and heating systems,166,0.003911127865607992,0.09007053716766142,0.23302245156639823,0.2299952143691801,0.26488047737031223
4,"Implementation, cost and how-to questions",14,Thermostat wiring and smart heating controls,165,0.0038875668543693893,0.06964964119881807,0.19214464049045393,0.18207777453636775,0.4263259816247858
12,Roof and attic ventilation and airflow,8,"Solar PV, batteries and power systems",162,0.0038168838206535825,0.03993098348533399,0.18417072002047533,0.1745352725687383,0.3922892808632358
2,Spray foam and foam insulation,16,"Prospective choices, recommendations and alternatives",162,0.0038168838206535825,0.09902200488997555,0.18260959793426054,0.1965789300592477,0.432018919415233
5,Heat pumps and heating systems,3,Clarification and specification questions,160,0.003769761798176378,0.05396290050590219,0.25782795060791897,0.2552729807245386,0.2111067675374776
10,"Implementation follow-up, outcomes and retrospective questions",6,"Praise, gratitude and social endorsement",159,0.0037462007869377752,0.0927654609101517,0.24351031287635075,0.25194581060603594,0.20119945072320863
3,Clarification and specification questions,5,Heat pumps and heating systems,159,0.0037462007869377752,0.05666429080541696,0.20470086728761172,0.22078894370239893,0.37434566904160266
6,"Praise, gratitude and social endorsement",10,"Implementation follow-up, outcomes and retrospective questions",156,0.0036755177532219684,0.0416,0.2423691649693636,0.2621448284820882,0.22564852357634882
5,Heat pumps and heating systems,14,Thermostat wiring and smart heating controls,156,0.0036755177532219684,0.05261382799325464,0.23069361062028731,0.24536174397100638,0.27986688179375574
7,"Alternative methods, challenges and ""why"" questions",13,"Wall, cavity and floor insulation",156,0.0036755177532219684,0.08893956670467502,0.2142213079642189,0.22471756862059708,0.40702542716147916
14,Thermostat wiring and smart heating controls,16,"Prospective choices, recommendations and alternatives",154,0.0036283957307447637,0.08355941399891481,0.2068040070703691,0.225614927142413,0.3605147389091491
13,"Wall, cavity and floor insulation",3,Clarification and specification questions,152,0.003581273708267559,0.046412213740458015,0.2652703479141647,0.2705785625634638,0.20985970913044083
16,"Prospective choices, recommendations and alternatives",5,Heat pumps and heating systems,151,0.0035577126970289565,0.056112969156447416,0.23383857364014585,0.23404686794455123,0.18698128581886062
15,Vapour barriers and moisture control,16,"Prospective choices, recommendations and alternatives",148,0.003487029663313149,0.0925,0.18457113041433013,0.19476230180069226,0.400352264745302
9,Performance checking and troubleshooting,5,Heat pumps and heating systems,147,0.003463468652074547,0.060369609856262836,0.22735376024210172,0.2323062970625044,0.28951101340177987
7,"Alternative methods, challenges and ""why"" questions",9,Performance checking and troubleshooting,145,0.0034163466295973424,0.08266818700114024,0.22213177422192248,0.24001501646339343,0.30699234681366433
5,Heat pumps and heating systems,4,"Implementation, cost and how-to questions",143,0.0033692246071201377,0.048229342327150086,0.2430906493944855,0.23844039984768492,0.20112644241495095
14,Thermostat wiring and smart heating controls,8,"Solar PV, batteries and power systems",143,0.0033692246071201377,0.07759088442756376,0.18609223783512083,0.18559053784396662,0.31083619196416296
9,Performance checking and troubleshooting,8,"Solar PV, batteries and power systems",138,0.0032514195509271257,0.056673511293634495,0.20990974549521965,0.21467211486750326,0.32409096172796176
14,Thermostat wiring and smart heating controls,4,"Implementation, cost and how-to questions",137,0.0032278585396885236,0.07433532284319046,0.2779293309015534,0.2644027233319302,0.2089032032788643
1,Situated household retrofit experience and building context,3,Clarification and specification questions,137,0.0032278585396885236,0.02683643486777669,0.19217223924561017,0.20057221534283706,0.315718796848639
12,Roof and attic ventilation and airflow,4,"Implementation, cost and how-to questions",136,0.003204297528449921,0.03352230712349026,0.26448157756199614,0.26147766363094316,0.18986421127666464
12,Roof and attic ventilation and airflow,2,Spray foam and foam insulation,132,0.0031100534834955116,0.03253635691397584,0.2517784957627664,0.2473510785703324,0.18937355042932963
10,"Implementation follow-up, outcomes and retrospective questions",13,"Wall, cavity and floor insulation",128,0.0030158094385411022,0.07467911318553092,0.2559108676783079,0.25905474246401017,0.19267067509697566
13,"Wall, cavity and floor insulation",2,Spray foam and foam insulation,128,0.0030158094385411022,0.039083969465648856,0.24262344630123395,0.23935945030641304,0.22834622763156665
14,Thermostat wiring and smart heating controls,3,Clarification and specification questions,127,0.0029922484273024997,0.06890938686923494,0.2783186775083461,0.27971857446345433,0.23302395531957398
4,"Implementation, cost and how-to questions",5,Heat pumps and heating systems,127,0.0029922484273024997,0.05360911777121148,0.2293749669708023,0.2410534259717104,0.2964938737390276
9,Performance checking and troubleshooting,6,"Praise, gratitude and social endorsement",126,0.0029686874160638975,0.05174537987679671,0.2425180101244053,0.2423042294012386,0.21397327769385546
4,"Implementation, cost and how-to questions",3,Clarification and specification questions,125,0.002945126404825295,0.052764879696074296,0.31468307767039516,0.313004461607367,0.069417721458845
8,"Solar PV, batteries and power systems",7,"Alternative methods, challenges and ""why"" questions",124,0.002921565393586693,0.036470588235294116,0.2278064294264876,0.2165691227810072,0.2477569734945329
3,Clarification and specification questions,9,Performance checking and troubleshooting,123,0.0028980043823480903,0.04383464005702067,0.17544312861809444,0.15078350808882743,0.3761133636635773
5,Heat pumps and heating systems,13,"Wall, cavity and floor insulation",122,0.002874443371109488,0.04114671163575042,0.2204878502371385,0.2261961241294319,0.2979860807462613
16,"Prospective choices, recommendations and alternatives",9,Performance checking and troubleshooting,121,0.0028508823598708856,0.044964697138610184,0.22294848315024307,0.21545662669680435,0.24445311446856552
1,Situated household retrofit experience and building context,4,"Implementation, cost and how-to questions",118,0.0027801993261550788,0.023114593535749267,0.19973468382660217,0.217928714995064,0.2886527896784097
1,Situated household retrofit experience and building context,11,"Product sourcing, access and location questions",118,0.0027801993261550788,0.023114593535749267,0.19481707774077725,0.20666046508397987,0.33390500296482967
2,Spray foam and foam insulation,15,Vapour barriers and moisture control,114,0.002685955281200669,0.06968215158924206,0.20239424653014793,0.19203864268753043,0.3211848917623193
12,Roof and attic ventilation and airflow,10,"Implementation follow-up, outcomes and retrospective questions",112,0.0026388332587234642,0.027606605866403747,0.24320894978142493,0.23993840048207637,0.1727716578632974
13,"Wall, cavity and floor insulation",5,Heat pumps and heating systems,111,0.002615272247484862,0.03389312977099237,0.23419197675258768,0.24031994865137887,0.2285529191020935
8,"Solar PV, batteries and power systems",10,"Implementation follow-up, outcomes and retrospective questions",110,0.0025917112362462595,0.03235294117647059,0.22767550977174783,0.21511897316371253,0.25415128765485895
12,Roof and attic ventilation and airflow,7,"Alternative methods, challenges and ""why"" questions",110,0.0025917112362462595,0.027113630761646537,0.2256453525222684,0.21764321614020696,0.21686039527795561
7,"Alternative methods, challenges and ""why"" questions",10,"Implementation follow-up, outcomes and retrospective questions",108,0.002544589213769055,0.06157354618015964,0.3440610087940535,0.3435642900826342,0.07569339588675969
4,"Implementation, cost and how-to questions",9,Performance checking and troubleshooting,108,0.002544589213769055,0.045588856057408186,0.2551179568905239,0.2442542127031895,0.2045040471384972
12,Roof and attic ventilation and airflow,11,"Product sourcing, access and location questions",107,0.0025210282025304527,0.026374168104510723,0.23530615812399788,0.23465019212038052,0.18155510133014127
15,Vapour barriers and moisture control,6,"Praise, gratitude and social endorsement",106,0.00249746719129185,0.06625,0.23826986159079033,0.23239154887602553,0.23946388958283665
13,"Wall, cavity and floor insulation",8,"Solar PV, batteries and power systems",106,0.00249746719129185,0.03236641221374046,0.1484342360468229,0.1380783260728326,0.45669448504064736
6,"Praise, gratitude and social endorsement",11,"Product sourcing, access and location questions",104,0.0024503451688146455,0.027733333333333332,0.22214124490945256,0.2436291728113668,0.25107257630050445
2,Spray foam and foam insulation,9,Performance checking and troubleshooting,104,0.0024503451688146455,0.06356968215158924,0.19478331007516836,0.18083749772897756,0.35172668246024
5,Heat pumps and heating systems,7,"Alternative methods, challenges and ""why"" questions",103,0.0024267841575760433,0.03473861720067454,0.2191637210887858,0.21604212987424076,0.2516349137437214
7,"Alternative methods, challenges and ""why"" questions",6,"Praise, gratitude and social endorsement",102,0.0024032231463374408,0.05815279361459521,0.24417282501987797,0.24895150206732813,0.26501005491001145
10,"Implementation follow-up, outcomes and retrospective questions",12,Roof and attic ventilation and airflow,102,0.0024032231463374408,0.059509918319719954,0.24004074434829775,0.22647514842634986,0.24620444715673928
10,"Implementation follow-up, outcomes and retrospective questions",7,"Alternative methods, challenges and ""why"" questions",101,0.0023796621350988386,0.058926487747957994,0.2954329976303368,0.27358004644003536,0.13099659125883614
13,"Wall, cavity and floor insulation",4,"Implementation, cost and how-to questions",101,0.0023796621350988386,0.03083969465648855,0.24007305215321917,0.2467155218226284,0.22545020840368393
7,"Alternative methods, challenges and ""why"" questions",5,Heat pumps and heating systems,99,0.0023325401126216335,0.056442417331812995,0.21447834366885682,0.22249024104281406,0.3632500368259329
10,"Implementation follow-up, outcomes and retrospective questions",16,"Prospective choices, recommendations and alternatives",98,0.0023089791013830314,0.057176196032672114,0.22460282814971205,0.22628410318346676,0.2058530540944509
11,"Product sourcing, access and location questions",12,Roof and attic ventilation and airflow,94,0.002214735056428622,0.09012464046021093,0.2395004495758452,0.24542976594926624,0.29937111213102546
1,Situated household retrofit experience and building context,10,"Implementation follow-up, outcomes and retrospective questions",94,0.002214735056428622,0.01841332027424094,0.21857737374144418,0.22589443830612044,0.23777352198467355
11,"Product sourcing, access and location questions",10,"Implementation follow-up, outcomes and retrospective questions",93,0.0021911740451900194,0.08916586768935762,0.37297699438038395,0.3727474924926508,0.04190860484530496
3,Clarification and specification questions,15,Vapour barriers and moisture control,93,0.0021911740451900194,0.03314326443335709,0.1233526806977555,0.1014756210868081,0.5578978399809246
11,"Product sourcing, access and location questions",3,Clarification and specification questions,92,0.0021676130339514173,0.08820709491850431,0.29823238453348105,0.3074370846745814,0.10941900838244045
2,Spray foam and foam insulation,6,"Praise, gratitude and social endorsement",92,0.0021676130339514173,0.05623471882640587,0.23096190164556407,0.22990815400077294,0.29964068610363176
5,Heat pumps and heating systems,11,"Product sourcing, access and location questions",92,0.0021676130339514173,0.03102866779089376,0.22719648334749387,0.21925781485996504,0.23821905613127806
7,"Alternative methods, challenges and ""why"" questions",8,"Solar PV, batteries and power systems",92,0.0021676130339514173,0.052451539338654506,0.21848740500838046,0.22216671283913977,0.36057381641777025
11,"Product sourcing, access and location questions",16,"Prospective choices, recommendations and alternatives",92,0.0021676130339514173,0.08820709491850431,0.15859053800536735,0.16932615933766196,0.4810857683896547
15,Vapour barriers and moisture control,7,"Alternative methods, challenges and ""why"" questions",91,0.0021440520227128147,0.056875,0.23459745036634438,0.20764448467480434,0.16723912472800018
7,"Alternative methods, challenges and ""why"" questions",14,Thermostat wiring and smart heating controls,90,0.0021204910114742126,0.05131128848346636,0.2138106782599645,0.21108468056354648,0.3825884395918641
14,Thermostat wiring and smart heating controls,11,"Product sourcing, access and location questions",89,0.00209693000023561,0.04829083016820401,0.22437170600293538,0.22991046159481812,0.3091703313337145
7,"Alternative methods, challenges and ""why"" questions",15,Vapour barriers and moisture control,89,0.00209693000023561,0.05074116305587229,0.14819926393390512,0.13764781609486043,0.3913296647782128
13,"Wall, cavity and floor insulation",10,"Implementation follow-up, outcomes and retrospective questions",87,0.0020498079777584053,0.026564885496183206,0.2572690463584513,0.2562376598633515,0.1630622351710345
5,Heat pumps and heating systems,10,"Implementation follow-up, outcomes and retrospective questions",87,0.0020498079777584053,0.029342327150084318,0.23364022729550948,0.22299354828081946,0.1754006658556623
13,"Wall, cavity and floor insulation",11,"Product sourcing, access and location questions",86,0.002026246966519803,0.026259541984732824,0.2290486474540751,0.22838114002113558,0.17087410579760887
16,"Prospective choices, recommendations and alternatives",14,Thermostat wiring and smart heating controls,86,0.002026246966519803,0.031958379784466744,0.2139977384617758,0.21427487933213785,0.27210822950062286
6,"Praise, gratitude and social endorsement",7,"Alternative methods, challenges and ""why"" questions",85,0.0020026859552812006,0.02266666666666667,0.25097464543219017,0.2683182999811107,0.24259540997629456
16,"Prospective choices, recommendations and alternatives",7,"Alternative methods, challenges and ""why"" questions",85,0.0020026859552812006,0.031586770717205497,0.19811825617348738,0.18089321481964848,0.2571295331849723
13,"Wall, cavity and floor insulation",7,"Alternative methods, challenges and ""why"" questions",84,0.0019791249440425985,0.02564885496183206,0.18520548712240129,0.19806806072247868,0.3128386751010798
15,Vapour barriers and moisture control,2,Spray foam and foam insulation,81,0.0019084419103267912,0.050625,0.23373646947854218,0.22572582215758577,0.2419505340849577
15,Vapour barriers and moisture control,9,Performance checking and troubleshooting,80,0.001884880899088189,0.05,0.20142971284076058,0.2001922481611786,0.32150081954618914
11,"Product sourcing, access and location questions",8,"Solar PV, batteries and power systems",80,0.001884880899088189,0.07670182166826463,0.16528738184678535,0.18288074200699295,0.46448119295304113
12,Roof and attic ventilation and airflow,14,Thermostat wiring and smart heating controls,79,0.0018613198878495866,0.019472516637909786,0.19059958283315057,0.19636351945787472,0.3161110243830854
11,"Product sourcing, access and location questions",13,"Wall, cavity and floor insulation",77,0.0018141978653723819,0.0738255033557047,0.2608355532909458,0.2649634171216265,0.2156999287225548
11,"Product sourcing, access and location questions",6,"Praise, gratitude and social endorsement",77,0.0018141978653723819,0.0738255033557047,0.23392997842755167,0.25330113481049127,0.3043908145176322
10,"Implementation follow-up, outcomes and retrospective questions",8,"Solar PV, batteries and power systems",77,0.0018141978653723819,0.044924154025670945,0.20176278619542987,0.2041825300985433,0.30861008959320685
14,Thermostat wiring and smart heating controls,7,"Alternative methods, challenges and ""why"" questions",77,0.0018141978653723819,0.041779706999457406,0.20144825758714657,0.18913870531150828,0.33317125248822643
15,Vapour barriers and moisture control,3,Clarification and specification questions,74,0.0017435148316565746,0.04625,0.24076059531340332,0.2250229963556411,0.32399058670711833
8,"Solar PV, batteries and power systems",11,"Product sourcing, access and location questions",74,0.0017435148316565746,0.02176470588235294,0.22604131150187026,0.21593228691179164,0.28926243036188654
16,"Prospective choices, recommendations and alternatives",15,Vapour barriers and moisture control,69,0.0016257097754635629,0.02564102564102564,0.1701264381615814,0.16744471157424964,0.3315844508144463
6,"Praise, gratitude and social endorsement",15,Vapour barriers and moisture control,68,0.0016021487642249605,0.018133333333333335,0.16336262229598475,0.1556407207662901,0.32752992970442923
1,Situated household retrofit experience and building context,2,Spray foam and foam insulation,68,0.0016021487642249605,0.013320274240940254,0.13029836078070617,0.11282913255251537,0.5403608162410677
15,Vapour barriers and moisture control,8,"Solar PV, batteries and power systems",67,0.0015785877529863582,0.041875,0.17363942674186947,0.18241735407442353,0.14903545920713865
16,"Prospective choices, recommendations and alternatives",10,"Implementation follow-up, outcomes and retrospective questions",66,0.0015550267417477558,0.024526198439241916,0.2444928360094417,0.24807038114304986,0.1209832741492429
8,"Solar PV, batteries and power systems",15,Vapour barriers and moisture control,64,0.0015079047192705511,0.018823529411764704,0.1387875273145897,0.14421809046679993,0.3527734702960943
7,"Alternative methods, challenges and ""why"" questions",3,Clarification and specification questions,63,0.0014843437080319488,0.03591790193842646,0.2796625020663943,0.2760179205329799,0.19083646538949564
13,"Wall, cavity and floor insulation",14,Thermostat wiring and smart heating controls,63,0.0014843437080319488,0.019236641221374046,0.12734796562185371,0.10442320236881694,0.5622246413847246
10,"Implementation follow-up, outcomes and retrospective questions",5,Heat pumps and heating systems,62,0.0014607826967933464,0.03617269544924154,0.22834657515264653,0.22578618382251686,0.2266493249942186
10,"Implementation follow-up, outcomes and retrospective questions",14,Thermostat wiring and smart heating controls,62,0.0014607826967933464,0.03617269544924154,0.20842291685059688,0.21027735345627493,0.3209248066305079
14,Thermostat wiring and smart heating controls,10,"Implementation follow-up, outcomes and retrospective questions",61,0.001437221685554744,0.033098209441128595,0.25339192325941245,0.250100076932229,0.1858881719585198
7,"Alternative methods, challenges and ""why"" questions",4,"Implementation, cost and how-to questions",61,0.001437221685554744,0.03477765108323831,0.2331596565837555,0.24545456004023994,0.26872455332968115
3,Clarification and specification questions,11,"Product sourcing, access and location questions",61,0.001437221685554744,0.021739130434782608,0.13711294429274246,0.041130511996158144,0.587921823958501
16,"Prospective choices, recommendations and alternatives",2,Spray foam and foam insulation,60,0.0014136606743161417,0.022296544035674472,0.2810088514340887,0.2781775774070392,0.11229656483255489
2,Spray foam and foam insulation,3,Clarification and specification questions,60,0.0014136606743161417,0.03667481662591687,0.22563739319585446,0.22890731514459467,0.31346587492032685
11,"Product sourcing, access and location questions",4,"Implementation, cost and how-to questions",59,0.0013900996630775394,0.05656759348034516,0.3014270114739348,0.3081540696851109,0.10473307876495735
10,"Implementation follow-up, outcomes and retrospective questions",9,Performance checking and troubleshooting,59,0.0013900996630775394,0.03442240373395566,0.18462509868334684,0.18838300766848387,0.3670543699998743
3,Clarification and specification questions,2,Spray foam and foam insulation,57,0.0013429776406003345,0.020313613684960798,0.2647527159166175,0.26772499805783334,0.247629268042009
14,Thermostat wiring and smart heating controls,13,"Wall, cavity and floor insulation",55,0.0012958556181231298,0.02984264785675529,0.19039798805351693,0.1887209050755722,0.3780085135854163
2,Spray foam and foam insulation,7,"Alternative methods, challenges and ""why"" questions",54,0.0012722946068845274,0.03300733496332518,0.2184887039866473,0.23586540549694185,0.2767436928797049
4,"Implementation, cost and how-to questions",10,"Implementation follow-up, outcomes and retrospective questions",53,0.001248733595645925,0.0223723089911355,0.2980909158173049,0.31033330364147826,0.12410908101101012
11,"Product sourcing, access and location questions",9,Performance checking and troubleshooting,51,0.0012016115731687204,0.0488974113135187,0.25344108924725123,0.24560604501799307,0.18145090134090863
2,Spray foam and foam insulation,10,"Implementation follow-up, outcomes and retrospective questions",50,0.001178050561930118,0.030562347188264057,0.2628521508912796,0.26019085327659586,0.1798504032933229
2,Spray foam and foam insulation,8,"Solar PV, batteries and power systems",50,0.001178050561930118,0.030562347188264057,0.10030807772313834,0.07632466769133936,0.6148875057397022
9,Performance checking and troubleshooting,2,Spray foam and foam insulation,49,0.0011544895506915157,0.020123203285420943,0.2652910932123795,0.27130114378086656,0.2566044033633573
4,"Implementation, cost and how-to questions",11,"Product sourcing, access and location questions",49,0.0011544895506915157,0.020683832840861123,0.22213759790528287,0.24387517990455898,0.27816686811477653
14,Thermostat wiring and smart heating controls,12,Roof and attic ventilation and airflow,49,0.0011544895506915157,0.026587086272381984,0.19039597448693218,0.18646954800803472,0.37759244527304126
16,"Prospective choices, recommendations and alternatives",11,"Product sourcing, access and location questions",48,0.0011309285394529133,0.017837235228539576,0.24597361598704295,0.24862155285170798,0.14816632431536306
15,Vapour barriers and moisture control,10,"Implementation follow-up, outcomes and retrospective questions",48,0.0011309285394529133,0.03,0.2266096032826941,0.21550175173313507,0.24167437624223864
15,Vapour barriers and moisture control,11,"Product sourcing, access and location questions",47,0.001107367528214311,0.029375,0.2043905641021534,0.19611640965459196,0.3044419329811457
9,Performance checking and troubleshooting,11,"Product sourcing, access and location questions",46,0.0010838065169757086,0.0188911704312115,0.24819173472839307,0.2391478278665078,0.17848129565986148
2,Spray foam and foam insulation,4,"Implementation, cost and how-to questions",46,0.0010838065169757086,0.028117359413202935,0.1656135775012946,0.20353551084086152,0.49109110779853876
4,"Implementation, cost and how-to questions",15,Vapour barriers and moisture control,46,0.0010838065169757086,0.019417475728155338,0.14561596421091674,0.12538106121981715,0.45798377832602094
10,"Implementation follow-up, outcomes and retrospective questions",11,"Product sourcing, access and location questions",44,0.001036684494498504,0.025670945157526253,0.26819462124122473,0.25483586294117844,0.11442219975645583
11,"Product sourcing, access and location questions",5,Heat pumps and heating systems,44,0.001036684494498504,0.04218600191754554,0.22593486405118243,0.2617248856533384,0.2570227831518096
8,"Solar PV, batteries and power systems",13,"Wall, cavity and floor insulation",44,0.001036684494498504,0.012941176470588235,0.19325584473496923,0.20104526732634997,0.34121550568774356
7,"Alternative methods, challenges and ""why"" questions",11,"Product sourcing, access and location questions",43,0.0010131234832599016,0.02451539338654504,0.22127011574258607,0.24682547494319734,0.28670988747391063
10,"Implementation follow-up, outcomes and retrospective questions",2,Spray foam and foam insulation,42,0.0009895624720212993,0.024504084014002333,0.2916815249635575,0.29342949613606106,0.12653730375158304
2,Spray foam and foam insulation,11,"Product sourcing, access and location questions",41,0.0009660014607826968,0.02506112469437653,0.149369501120904,0.16958476568736858,0.48708987806436616
11,"Product sourcing, access and location questions",14,Thermostat wiring and smart heating controls,40,0.0009424404495440945,0.038350910834132314,0.2052565179051597,0.21734712379404741,0.380290747340874
3,Clarification and specification questions,7,"Alternative methods, challenges and ""why"" questions",40,0.0009424404495440945,0.014255167498218105,0.13984514980012003,0.14625976715171723,0.4476896126872618
9,Performance checking and troubleshooting,15,Vapour barriers and moisture control,38,0.0008953184270668898,0.015605749486652977,0.152729244231674,0.1284899633203015,0.44519310972196596
9,Performance checking and troubleshooting,10,"Implementation follow-up, outcomes and retrospective questions",37,0.0008717574158282873,0.015195071868583163,0.2529214092338717,0.257425846842214,0.17632155373901937
5,Heat pumps and heating systems,15,Vapour barriers and moisture control,37,0.0008717574158282873,0.012478920741989882,0.13578468479540776,0.12768405867606714,0.4430235034216281
15,Vapour barriers and moisture control,4,"Implementation, cost and how-to questions",36,0.000848196404589685,0.0225,0.22743535685467936,0.20505165013347892,0.31138908351273253
4,"Implementation, cost and how-to questions",7,"Alternative methods, challenges and ""why"" questions",36,0.000848196404589685,0.015196285352469396,0.14196312139529785,0.12240711558743642,0.49952771686965236
3,Clarification and specification questions,4,"Implementation, cost and how-to questions",35,0.0008246353933510826,0.012473271560940842,0.2403966300459643,0.2309217093472462,0.17956661506675076
6,"Praise, gratitude and social endorsement",2,Spray foam and foam insulation,35,0.0008246353933510826,0.009333333333333334,0.20892438771229915,0.24926819560501706,0.3616773881245227
4,"Implementation, cost and how-to questions",2,Spray foam and foam insulation,34,0.0008010743821124803,0.014352047277332207,0.24225067370854755,0.2757162683725216,0.2874382398126375
7,"Alternative methods, challenges and ""why"" questions",2,Spray foam and foam insulation,32,0.0007539523596352756,0.018244013683010263,0.3023310420346623,0.27403203461812864,0.1893656524032481
2,Spray foam and foam insulation,5,Heat pumps and heating systems,26,0.0006125862922036614,0.01589242053789731,0.19293164124184198,0.19944648054080322,0.3762366909877427
3,Clarification and specification questions,10,"Implementation follow-up, outcomes and retrospective questions",25,0.000589025280965059,0.008909479686386316,0.24224393826886442,0.2591247459522239,0.24196609022553336
14,Thermostat wiring and smart heating controls,15,Vapour barriers and moisture control,24,0.0005654642697264567,0.013022246337493217,0.10434319825005996,0.10688841734079774,0.5010087755001964
15,Vapour barriers and moisture control,5,Heat pumps and heating systems,19,0.0004476592135334449,0.011875,0.19501087123253574,0.20296703772032612,0.20714389529769325
11,"Product sourcing, access and location questions",15,Vapour barriers and moisture control,19,0.0004476592135334449,0.01821668264621285,0.1030787332453788,0.09248558740390805,0.5732161228846503
15,Vapour barriers and moisture control,14,Thermostat wiring and smart heating controls,18,0.0004240982022948425,0.01125,0.11540014342977556,0.1281608686400208,0.5045696232316552
11,"Product sourcing, access and location questions",2,Spray foam and foam insulation,16,0.0003769761798176378,0.015340364333652923,0.3001430405711406,0.3070249542519625,0.15914775108789736
2,Spray foam and foam insulation,14,Thermostat wiring and smart heating controls,16,0.0003769761798176378,0.009779951100244499,0.11175421250601347,0.10358170668393346,0.6473027925770128
10,"Implementation follow-up, outcomes and retrospective questions",15,Vapour barriers and moisture control,13,0.0003062931461018307,0.007584597432905484,0.1405449538483053,0.11036602930306333,0.43217975295243705
11,"Product sourcing, access and location questions",7,"Alternative methods, challenges and ""why"" questions",13,0.0003062931461018307,0.012464046021093002,0.11691429462833804,0.02007085065515498,0.6244060675430069
8,"Solar PV, batteries and power systems",2,Spray foam and foam insulation,11,0.000259171123624626,0.003235294117647059,0.12621804734278433,0.14424845969209174,0.5004378131066706
5,Heat pumps and heating systems,2,Spray foam and foam insulation,7,0.00016492707867021652,0.002360876897133221,0.19235870332324298,0.20949649031737747,0.3171922775828956
14,Thermostat wiring and smart heating controls,2,Spray foam and foam insulation,3,7.068303371580708e-05,0.0016277807921866521,0.012082375250832273,0.010946810250467226,0.963293563534218
