grouping_variable,group,videos,topic_number,topic_label,mean_video_relative_weight,median_video_relative_weight,dominant_video_count,dominant_video_share
creator_type,builder_contractor,172,1,Situated household retrofit experience and building context,0.1371394325481009,0.11421764981272164,32,0.18604651162790697
creator_type,builder_contractor,172,2,Spray foam and foam insulation,0.04825447439049793,0.011639511163173608,11,0.06395348837209303
creator_type,builder_contractor,172,3,Clarification and specification questions,0.08019346340907275,0.05369823351913637,10,0.05813953488372093
creator_type,builder_contractor,172,4,"Implementation, cost and how-to questions",0.05131331496767328,0.03311035759395091,6,0.03488372093023256
creator_type,builder_contractor,172,5,Heat pumps and heating systems,0.028258329204810716,0.008231465592430343,3,0.01744186046511628
creator_type,builder_contractor,172,6,"Praise, gratitude and social endorsement",0.06296689648467485,0.0410496200862608,8,0.046511627906976744
creator_type,builder_contractor,172,7,"Alternative methods, challenges and ""why"" questions",0.05721151054283993,0.0322843126564141,6,0.03488372093023256
creator_type,builder_contractor,172,8,"Solar PV, batteries and power systems",0.036822732124661375,0.017365348386295144,3,0.01744186046511628
creator_type,builder_contractor,172,9,Performance checking and troubleshooting,0.04901137380385465,0.037596884640887396,2,0.011627906976744186
creator_type,builder_contractor,172,10,"Implementation follow-up, outcomes and retrospective questions",0.03904119825259173,0.02100156856687698,6,0.03488372093023256
creator_type,builder_contractor,172,11,"Product sourcing, access and location questions",0.04391843902728072,0.013576867401928606,7,0.040697674418604654
creator_type,builder_contractor,172,12,Roof and attic ventilation and airflow,0.09701637523509792,0.05283270795441222,30,0.1744186046511628
creator_type,builder_contractor,172,13,"Wall, cavity and floor insulation",0.13271364176213338,0.0950990059603152,36,0.20930232558139536
creator_type,builder_contractor,172,14,Thermostat wiring and smart heating controls,0.016986689540429586,0.007348773853989854,2,0.011627906976744186
creator_type,builder_contractor,172,15,Vapour barriers and moisture control,0.05591214694400139,0.03414993883798742,5,0.029069767441860465
creator_type,builder_contractor,172,16,"Prospective choices, recommendations and alternatives",0.06323998176227894,0.05062497071245564,5,0.029069767441860465
creator_type,diy_renovator_homeowner,276,1,Situated household retrofit experience and building context,0.1312043435733761,0.11761747344025705,56,0.2028985507246377
creator_type,diy_renovator_homeowner,276,2,Spray foam and foam insulation,0.03735935118547844,0.008740232872806855,11,0.03985507246376811
creator_type,diy_renovator_homeowner,276,3,Clarification and specification questions,0.08199138707478208,0.05476143897211958,25,0.09057971014492754
creator_type,diy_renovator_homeowner,276,4,"Implementation, cost and how-to questions",0.06144130209948365,0.04671659093725254,13,0.04710144927536232
creator_type,diy_renovator_homeowner,276,5,Heat pumps and heating systems,0.035325453253310025,0.012214048096631831,13,0.04710144927536232
creator_type,diy_renovator_homeowner,276,6,"Praise, gratitude and social endorsement",0.0804086954831311,0.0643629660665424,19,0.06884057971014493
creator_type,diy_renovator_homeowner,276,7,"Alternative methods, challenges and ""why"" questions",0.04888211339983281,0.035402234755295615,2,0.007246376811594203
creator_type,diy_renovator_homeowner,276,8,"Solar PV, batteries and power systems",0.051331455595809636,0.021800102364524513,16,0.057971014492753624
creator_type,diy_renovator_homeowner,276,9,Performance checking and troubleshooting,0.062331690089375065,0.046462536445536065,10,0.036231884057971016
creator_type,diy_renovator_homeowner,276,10,"Implementation follow-up, outcomes and retrospective questions",0.05771825710012737,0.03620508290464945,12,0.043478260869565216
creator_type,diy_renovator_homeowner,276,11,"Product sourcing, access and location questions",0.03499588912962651,0.01679911963016331,5,0.018115942028985508
creator_type,diy_renovator_homeowner,276,12,Roof and attic ventilation and airflow,0.09390478602870432,0.05648791110663841,31,0.11231884057971014
creator_type,diy_renovator_homeowner,276,13,"Wall, cavity and floor insulation",0.08521935491229986,0.04619780242622075,40,0.14492753623188406
creator_type,diy_renovator_homeowner,276,14,Thermostat wiring and smart heating controls,0.032944282281524774,0.013915102637470034,9,0.03260869565217391
creator_type,diy_renovator_homeowner,276,15,Vapour barriers and moisture control,0.0364118881316117,0.020152875742486913,6,0.021739130434782608
creator_type,diy_renovator_homeowner,276,16,"Prospective choices, recommendations and alternatives",0.06852975066152658,0.054852557367827876,8,0.028985507246376812
creator_type,installer_tradesperson,514,1,Situated household retrofit experience and building context,0.12412264220443203,0.11241293514484074,73,0.14202334630350194
creator_type,installer_tradesperson,514,2,Spray foam and foam insulation,0.01347406283679841,0.0032224314143862566,5,0.009727626459143969
creator_type,installer_tradesperson,514,3,Clarification and specification questions,0.07848678908206175,0.04812952703558599,37,0.07198443579766536
creator_type,installer_tradesperson,514,4,"Implementation, cost and how-to questions",0.07912648046009135,0.04520908463767791,38,0.07392996108949416
creator_type,installer_tradesperson,514,5,Heat pumps and heating systems,0.07005568869114298,0.02352676543178349,62,0.12062256809338522
creator_type,installer_tradesperson,514,6,"Praise, gratitude and social endorsement",0.07523578584728088,0.047106892167417355,31,0.06031128404669261
creator_type,installer_tradesperson,514,7,"Alternative methods, challenges and ""why"" questions",0.056234101605954566,0.036650918711542205,13,0.02529182879377432
creator_type,installer_tradesperson,514,8,"Solar PV, batteries and power systems",0.07822093916128024,0.03290192733644784,54,0.10505836575875487
creator_type,installer_tradesperson,514,9,Performance checking and troubleshooting,0.06934644921926297,0.054896811902245636,18,0.03501945525291829
creator_type,installer_tradesperson,514,10,"Implementation follow-up, outcomes and retrospective questions",0.035100100076707184,0.019267829943045198,8,0.01556420233463035
creator_type,installer_tradesperson,514,11,"Product sourcing, access and location questions",0.031797303427289515,0.010778386708118232,10,0.019455252918287938
creator_type,installer_tradesperson,514,12,Roof and attic ventilation and airflow,0.0602324844937004,0.022094502626483555,34,0.06614785992217899
creator_type,installer_tradesperson,514,13,"Wall, cavity and floor insulation",0.05306326667945882,0.013202170294986621,39,0.07587548638132295
creator_type,installer_tradesperson,514,14,Thermostat wiring and smart heating controls,0.08739412477313321,0.031689285307312146,75,0.14591439688715954
creator_type,installer_tradesperson,514,15,Vapour barriers and moisture control,0.024999656823392537,0.009961224718232955,9,0.017509727626459144
creator_type,installer_tradesperson,514,16,"Prospective choices, recommendations and alternatives",0.06311012461801313,0.04689261827287224,8,0.01556420233463035
creator_type,training_educational,196,1,Situated household retrofit experience and building context,0.13895191106299257,0.12043386252790078,39,0.1989795918367347
creator_type,training_educational,196,2,Spray foam and foam insulation,0.029532305849219186,0.006286581257550529,4,0.02040816326530612
creator_type,training_educational,196,3,Clarification and specification questions,0.07759270601187046,0.06383463870476044,10,0.05102040816326531
creator_type,training_educational,196,4,"Implementation, cost and how-to questions",0.059797106690967154,0.0448973250638771,3,0.015306122448979591
creator_type,training_educational,196,5,Heat pumps and heating systems,0.07399370167993685,0.022675351837349665,27,0.1377551020408163
creator_type,training_educational,196,6,"Praise, gratitude and social endorsement",0.07435315584295474,0.0566512606226412,10,0.05102040816326531
creator_type,training_educational,196,7,"Alternative methods, challenges and ""why"" questions",0.04523545258190568,0.03544017988007965,4,0.02040816326530612
creator_type,training_educational,196,8,"Solar PV, batteries and power systems",0.07858439097279349,0.03071111511691082,19,0.09693877551020408
creator_type,training_educational,196,9,Performance checking and troubleshooting,0.05571198374864972,0.0458526100950673,4,0.02040816326530612
creator_type,training_educational,196,10,"Implementation follow-up, outcomes and retrospective questions",0.027469806680023343,0.018780860777318838,1,0.00510204081632653
creator_type,training_educational,196,11,"Product sourcing, access and location questions",0.026184309135372546,0.01631876754089436,1,0.00510204081632653
creator_type,training_educational,196,12,Roof and attic ventilation and airflow,0.08124055711223015,0.04684192733449263,21,0.10714285714285714
creator_type,training_educational,196,13,"Wall, cavity and floor insulation",0.0827328197006842,0.03150588756664879,32,0.16326530612244897
creator_type,training_educational,196,14,Thermostat wiring and smart heating controls,0.040425398605750194,0.015174561855906453,10,0.05102040816326531
creator_type,training_educational,196,15,Vapour barriers and moisture control,0.04072382453292822,0.015354095149384715,7,0.03571428571428571
creator_type,training_educational,196,16,"Prospective choices, recommendations and alternatives",0.0674705697917215,0.0605680703530853,4,0.02040816326530612
video_type,how_to_installation_demo,830,1,Situated household retrofit experience and building context,0.12178842449317456,0.1071124037353123,131,0.1578313253012048
video_type,how_to_installation_demo,830,2,Spray foam and foam insulation,0.026436974419400405,0.005312141568378009,20,0.024096385542168676
video_type,how_to_installation_demo,830,3,Clarification and specification questions,0.0842414005466284,0.05554039653409378,68,0.0819277108433735
video_type,how_to_installation_demo,830,4,"Implementation, cost and how-to questions",0.07151667819668582,0.04497899045804095,47,0.056626506024096385
video_type,how_to_installation_demo,830,5,Heat pumps and heating systems,0.050400984983288176,0.015870419851579054,64,0.07710843373493977
video_type,how_to_installation_demo,830,6,"Praise, gratitude and social endorsement",0.07399007078162355,0.051864576228724896,46,0.05542168674698795
video_type,how_to_installation_demo,830,7,"Alternative methods, challenges and ""why"" questions",0.05378138422631337,0.035477469823129645,20,0.024096385542168676
video_type,how_to_installation_demo,830,8,"Solar PV, batteries and power systems",0.0623648326976979,0.025037562462509374,63,0.07590361445783132
video_type,how_to_installation_demo,830,9,Performance checking and troubleshooting,0.06493835330461614,0.048417517494055144,27,0.03253012048192771
video_type,how_to_installation_demo,830,10,"Implementation follow-up, outcomes and retrospective questions",0.042917363810784065,0.02238922385187522,24,0.02891566265060241
video_type,how_to_installation_demo,830,11,"Product sourcing, access and location questions",0.03467214941249774,0.013569576751084556,20,0.024096385542168676
video_type,how_to_installation_demo,830,12,Roof and attic ventilation and airflow,0.0691030431396041,0.03289106650074909,66,0.07951807228915662
video_type,how_to_installation_demo,830,13,"Wall, cavity and floor insulation",0.07884073959616306,0.025606153807347782,111,0.13373493975903614
video_type,how_to_installation_demo,830,14,Thermostat wiring and smart heating controls,0.06525408928789284,0.018284908947895733,86,0.10361445783132531
video_type,how_to_installation_demo,830,15,Vapour barriers and moisture control,0.03313964847472353,0.014918834272637281,16,0.01927710843373494
video_type,how_to_installation_demo,830,16,"Prospective choices, recommendations and alternatives",0.06661386262890635,0.05070572379301925,21,0.02530120481927711
video_type,practical_advice_explainer,171,1,Situated household retrofit experience and building context,0.15302554444908115,0.1313010379754247,30,0.17543859649122806
video_type,practical_advice_explainer,171,2,Spray foam and foam insulation,0.018294026955997193,0.0038181422664863786,1,0.005847953216374269
video_type,practical_advice_explainer,171,3,Clarification and specification questions,0.06740491543941075,0.051214280693317064,7,0.04093567251461988
video_type,practical_advice_explainer,171,4,"Implementation, cost and how-to questions",0.06406021751489184,0.03793186879722357,8,0.04678362573099415
video_type,practical_advice_explainer,171,5,Heat pumps and heating systems,0.10295187333334799,0.02833123561662535,37,0.21637426900584794
video_type,practical_advice_explainer,171,6,"Praise, gratitude and social endorsement",0.07350548851002592,0.05089606591561123,10,0.05847953216374269
video_type,practical_advice_explainer,171,7,"Alternative methods, challenges and ""why"" questions",0.04888446243106529,0.03590124408085097,2,0.011695906432748537
video_type,practical_advice_explainer,171,8,"Solar PV, batteries and power systems",0.08741342110567245,0.03921286547633693,17,0.09941520467836257
video_type,practical_advice_explainer,171,9,Performance checking and troubleshooting,0.056903714824160526,0.04793848374788233,5,0.029239766081871343
video_type,practical_advice_explainer,171,10,"Implementation follow-up, outcomes and retrospective questions",0.02425059135064705,0.018688939386805162,1,0.005847953216374269
video_type,practical_advice_explainer,171,11,"Product sourcing, access and location questions",0.028876347432274137,0.016514151242893703,1,0.005847953216374269
video_type,practical_advice_explainer,171,12,Roof and attic ventilation and airflow,0.08177186453526969,0.04227067603685833,24,0.14035087719298245
video_type,practical_advice_explainer,171,13,"Wall, cavity and floor insulation",0.05580425730544952,0.018286006033232542,12,0.07017543859649122
video_type,practical_advice_explainer,171,14,Thermostat wiring and smart heating controls,0.04298668454295175,0.017014957100583827,8,0.04678362573099415
video_type,practical_advice_explainer,171,15,Vapour barriers and moisture control,0.03661508086761358,0.00870034102621457,7,0.04093567251461988
video_type,practical_advice_explainer,171,16,"Prospective choices, recommendations and alternatives",0.057251509402141194,0.05305576191041426,1,0.005847953216374269
video_type,problem_warning_mistakes,111,1,Situated household retrofit experience and building context,0.15646892468116938,0.1392418843395512,30,0.2702702702702703
video_type,problem_warning_mistakes,111,2,Spray foam and foam insulation,0.03947418271171162,0.011216007365748112,7,0.06306306306306306
video_type,problem_warning_mistakes,111,3,Clarification and specification questions,0.058793984258189366,0.049787107282385445,2,0.018018018018018018
video_type,problem_warning_mistakes,111,4,"Implementation, cost and how-to questions",0.04477606745380653,0.03398525243290507,2,0.018018018018018018
video_type,problem_warning_mistakes,111,5,Heat pumps and heating systems,0.029689883564243066,0.012638188031786136,2,0.018018018018018018
video_type,problem_warning_mistakes,111,6,"Praise, gratitude and social endorsement",0.07480915291893614,0.054488885356738175,7,0.06306306306306306
video_type,problem_warning_mistakes,111,7,"Alternative methods, challenges and ""why"" questions",0.047808862479020935,0.035730234589297145,1,0.009009009009009009
video_type,problem_warning_mistakes,111,8,"Solar PV, batteries and power systems",0.046478078447713636,0.017597864736584683,5,0.04504504504504504
video_type,problem_warning_mistakes,111,9,Performance checking and troubleshooting,0.05838224208278862,0.0453931726143204,2,0.018018018018018018
video_type,problem_warning_mistakes,111,10,"Implementation follow-up, outcomes and retrospective questions",0.033658409089963905,0.020676152836858783,1,0.009009009009009009
video_type,problem_warning_mistakes,111,11,"Product sourcing, access and location questions",0.032750753979742676,0.017358448187802158,2,0.018018018018018018
video_type,problem_warning_mistakes,111,12,Roof and attic ventilation and airflow,0.1375633475505332,0.08095788690376188,25,0.22522522522522523
video_type,problem_warning_mistakes,111,13,"Wall, cavity and floor insulation",0.10280522147466327,0.05335698180638009,18,0.16216216216216217
video_type,problem_warning_mistakes,111,14,Thermostat wiring and smart heating controls,0.02119987744002397,0.011436475870612977,1,0.009009009009009009
video_type,problem_warning_mistakes,111,15,Vapour barriers and moisture control,0.04950908734179567,0.02416546022771348,4,0.036036036036036036
video_type,problem_warning_mistakes,111,16,"Prospective choices, recommendations and alternatives",0.06583192452569799,0.05524168752448277,2,0.018018018018018018
video_type,project_walkthrough,46,1,Situated household retrofit experience and building context,0.13509093078722118,0.12851967228712013,9,0.1956521739130435
video_type,project_walkthrough,46,2,Spray foam and foam insulation,0.040703241485678034,0.0066981228534420375,3,0.06521739130434782
video_type,project_walkthrough,46,3,Clarification and specification questions,0.08696833171754124,0.06346493027682777,5,0.10869565217391304
video_type,project_walkthrough,46,4,"Implementation, cost and how-to questions",0.06286195295968572,0.05210928202677721,3,0.06521739130434782
video_type,project_walkthrough,46,5,Heat pumps and heating systems,0.05192352795420567,0.015568266882059121,2,0.043478260869565216
video_type,project_walkthrough,46,6,"Praise, gratitude and social endorsement",0.08657620351012772,0.08050121208880986,5,0.10869565217391304
video_type,project_walkthrough,46,7,"Alternative methods, challenges and ""why"" questions",0.06082052879375863,0.03361875748865149,2,0.043478260869565216
video_type,project_walkthrough,46,8,"Solar PV, batteries and power systems",0.09216352551294177,0.026387687514230467,7,0.15217391304347827
video_type,project_walkthrough,46,9,Performance checking and troubleshooting,0.045376720074231394,0.0448553845624101,0,0.0
video_type,project_walkthrough,46,10,"Implementation follow-up, outcomes and retrospective questions",0.05579374162816501,0.03444326533288787,1,0.021739130434782608
video_type,project_walkthrough,46,11,"Product sourcing, access and location questions",0.029080485860556445,0.014834284338131033,0,0.0
video_type,project_walkthrough,46,12,Roof and attic ventilation and airflow,0.06258994540449253,0.033536365931474334,1,0.021739130434782608
video_type,project_walkthrough,46,13,"Wall, cavity and floor insulation",0.07490692664614791,0.03727414455481692,6,0.13043478260869565
video_type,project_walkthrough,46,14,Thermostat wiring and smart heating controls,0.02159754802464732,0.011082250978054011,1,0.021739130434782608
video_type,project_walkthrough,46,15,Vapour barriers and moisture control,0.026862344718456287,0.01667937423026869,0,0.0
video_type,project_walkthrough,46,16,"Prospective choices, recommendations and alternatives",0.06668404492214307,0.06937771350737512,1,0.021739130434782608
