video_id,comment_id,retrofit_topic,creator_type,video_type,comment_text_for_coding
1sPJC71hwQ4,UgzdL6fU_Wv2CgOCGAN4AaABAg,smart_heating_controls,builder_contractor,how_to_installation_demo,"Hello I need help with this! I wanted to change my thermostat with a Nest Gen 4 wifi thermostat. I followed this video step by step but it seems that im not getting power to the thermostat. There must be a step that was left out in this video. I have the same furnace, i bought the same thermostat, same wires, did the same exact steps and connections but still not working. I can also send you pictures of my connections. That ground green C common wire serve as neutral connected to that screw doesn't seem to have power in it. Please help!"
1sPJC71hwQ4,UgzuFjYC4kGwLJPzXdx4AaABAg,smart_heating_controls,builder_contractor,how_to_installation_demo,"Hello I need help with this! I wanted to change my thermostat with a Nest Gen 4 wifi thermostat. I followed this video step by step but it seems that im not getting power to the thermostat. There must be a step that was left out in this video. I have the same furnace, i bought the same thermostat, same wires, did the same exact steps and connections but still not working. I can also send you pictures of my connections. That ground green C common wire serve as neutral connected to that screw doesn't seem to have power in it. Please help!"
2iLjP5z0jXo,UgxIjzuDV-oEa6iFfUF4AaABAg,external_wall_insulation,builder_contractor,practical_advice_explainer,As long as it’s fire proof
2iLjP5z0jXo,UgxqhS7WKSywkmG4laJ4AaABAg,external_wall_insulation,builder_contractor,practical_advice_explainer,As long as it’s fire proof
5-dPwCFkWE8,Ugw7KP16lLh5Z2B1yFF4AaABAg,smart_heating_controls,installer_tradesperson,how_to_installation_demo,"Bless you, kind sir, may you always have a warm house and low energy bills."
5-dPwCFkWE8,UgytAokB1eo6-cG0U-R4AaABAg,smart_heating_controls,installer_tradesperson,how_to_installation_demo,"Bless you, kind sir, may you always have a warm house and low energy bills."
5-dPwCFkWE8,Ugz8Kvu99-KUTRdpmxl4AaABAg,smart_heating_controls,installer_tradesperson,how_to_installation_demo,"Bless you, kind sir, may you always have a warm house and low energy bills."
6bQgwGQAHeU,UgxL8GpOl5bId_ModbV4AaABAg,ventilation_mvhr,diy_renovator_homeowner,how_to_installation_demo,Why not just use a core drill?
6bQgwGQAHeU,UgzRpCJjAHepGQA_QDt4AaABAg,ventilation_mvhr,diy_renovator_homeowner,how_to_installation_demo,Why not just use a core drill?
7cTCskg8G2I,UgwJVJuqoQztcD9C_2N4AaABAg,heat_pump_heating_retrofit,installer_tradesperson,practical_advice_explainer,"I live in Napa, Ca. My HVAC guy says I should get a duel duel because the house is 2900 sq ft with one unit. Solar is on roof. I agree natural gas should be there for those cold months."
7cTCskg8G2I,UgwPTTiCVC2c-3YlSEt4AaABAg,heat_pump_heating_retrofit,installer_tradesperson,practical_advice_explainer,"I live in Napa, Ca. My HVAC guy says I should get a duel duel because the house is 2900 sq ft with one unit. Solar is on roof. I agree natural gas should be there for those cold months."
8bdaCkOTNOQ,Ugwtz2hRNLHZm-M5LaB4AaABAg,heat_pump_heating_retrofit,installer_tradesperson,how_to_installation_demo,"Great stuff! How long did the installation part of this system take? (Site work, plumbing and electrical)"
8bdaCkOTNOQ,Ugydh3zf8xcJJ5o84KF4AaABAg,heat_pump_heating_retrofit,installer_tradesperson,how_to_installation_demo,"Great stuff! How long did the installation part of this system take? (Site work, plumbing and electrical)"
8bdaCkOTNOQ,UgzsYtBImcM5MZz7bep4AaABAg,heat_pump_heating_retrofit,installer_tradesperson,how_to_installation_demo,"Great stuff! How long did the installation part of this system take? (Site work, plumbing and electrical)"
9GLHP_fm-vU,UgxHiFpeP2reKS8aC5B4AaABAg,heat_pump_heating_retrofit,installer_tradesperson,how_to_installation_demo,Did you do this entire video without actually showing a picture of a heat pump?
9GLHP_fm-vU,Ugzmi7N-tSFUYkGxWj54AaABAg,heat_pump_heating_retrofit,installer_tradesperson,how_to_installation_demo,Did you do this entire video without actually showing a picture of a heat pump?
9OFpzKn0cq4,UgwYvzT4jj79hsg4JFV4AaABAg,loft_roof_insulation,diy_renovator_homeowner,problem_warning_mistakes,I went to a house that’s attic was recently spray foamed. They half way sprayed the whirlybird so air still gets in and out. They spray foam covered the bathroom vent too. The bathroom started to get mold in it so the home over asked me to check it out. Do I need to clear the foam from the whirlybird so it can spin? It’s not fully covered either
9OFpzKn0cq4,UgydIlt0Km7U09V2AGh4AaABAg,loft_roof_insulation,diy_renovator_homeowner,problem_warning_mistakes,I went to a house that’s attic was recently spray foamed. They half way sprayed the whirlybird so air still gets in and out. They spray foam covered the bathroom vent too. The bathroom started to get mold in it so the home over asked me to check it out. Do I need to clear the foam from the whirlybird so it can spin? It’s not fully covered either
AQ4EYHNCDzg,UgyH1r06O9XtF-bgiQN4AaABAg,heat_pump_heating_retrofit,diy_renovator_homeowner,how_to_installation_demo,Hi! Great video! I have one question/concern. I bought the valve that you’re recommending here to run vacuum on the lines and it doesn’t seem to engage the Senville valve enough to open it up. When I released a little Freon the manifold didn’t show positive pressure because they weren’t fully engaged. I finger tightened it as far as it’ll go. Did you experience the same thing?
AQ4EYHNCDzg,UgyRrSVIHJ_RdOfDEEl4AaABAg,heat_pump_heating_retrofit,diy_renovator_homeowner,how_to_installation_demo,Hi! Great video! I have one question/concern. I bought the valve that you’re recommending here to run vacuum on the lines and it doesn’t seem to engage the Senville valve enough to open it up. When I released a little Freon the manifold didn’t show positive pressure because they weren’t fully engaged. I finger tightened it as far as it’ll go. Did you experience the same thing?
HkHozg0ckWY,Ugx7xYqt-RVs1j46S-x4AaABAg,general_energy_retrofit,diy_renovator_homeowner,practical_advice_explainer,"Great tips. Another use of the camera would be to search for thermal bridges, mostly in older buildings. This is where a structural element is bare inside and outside and conducts heat from higher temps to lower, or better put, the heat leaks outs."
HkHozg0ckWY,UgxM2ElN7hkqLHGpFit4AaABAg,general_energy_retrofit,diy_renovator_homeowner,practical_advice_explainer,"Great tips. Another use of the camera would be to search for thermal bridges, mostly in older buildings. This is where a structural element is bare inside and outside and conducts heat from higher temps to lower, or better put, the heat leaks outs."
JofgCviM79w,UgwAop2HxJJ1WTDgxVh4AaABAg,smart_heating_controls,installer_tradesperson,how_to_installation_demo,"Hi, I got few questions regarding Drayton wiser Thermostat. 1. I have a combi boiler and I have got Drayton+RF rotatory thermostat which is installed in hallway and it's wired one. The Drayton Digistat SCR is located next to boiler which is located upstairs. My question is that is it easy to replace the Digistat SCR which is located next to boiler and once changed than what I'm going to do with the wired rotatory thermostat which is located downstairs in hallway ? 2. Am i able to replace the wired rotatory thermostat with the smart room thermostat, since it's not wired one and I don't want to keep in the room so can i fix it on the same position where the current wired rotatory thermostat is located downstairs in the hallway or shall I leave the old wired rotatory Thermostat at same position and leave it switched off ?? 3. The reason for purchasing wiser Thermostat is to control heating temperature via app and to schedule the specific time during Day and Night when heating gets ON and OFF automatically during those specific hours. At the moment i have to wake up during late night and early morning and go to the hallway to switch ON and OFF the heating from my current drayton rotatory thermostat which is very frustrating so could you please guide me which standard wiser thermostat do i need to buy ?? Kind Regards, Shah"
JofgCviM79w,UgyI5Np5awDTBUAZbNJ4AaABAg,smart_heating_controls,installer_tradesperson,how_to_installation_demo,"Hi, I got few questions regarding Drayton wiser Thermostat. 1. I have a combi boiler and I have got Drayton+RF rotatory thermostat which is installed in hallway and it's wired one. The Drayton Digistat SCR is located next to boiler which is located upstairs. My question is that is it easy to replace the Digistat SCR which is located next to boiler and once changed than what I'm going to do with the wired rotatory thermostat which is located downstairs in hallway ? 2. Am i able to replace the wired rotatory thermostat with the smart room thermostat, since it's not wired one and I don't want to keep in the room so can i fix it on the same position where the current wired rotatory thermostat is located downstairs in the hallway or shall I leave the old wired rotatory Thermostat at same position and leave it switched off ?? 3. The reason for purchasing wiser Thermostat is to control heating temperature via app and to schedule the specific time during Day and Night when heating gets ON and OFF automatically during those specific hours. At the moment i have to wake up during late night and early morning and go to the hallway to switch ON and OFF the heating from my current drayton rotatory thermostat which is very frustrating so could you please guide me which standard wiser thermostat do i need to buy ?? Kind Regards, Shah"
KRJGh6X073Q,Ugy029tNTbgecedU2Al4AaABAg,heat_pump_heating_retrofit,installer_tradesperson,problem_warning_mistakes,"My system froze up intermittently, the last 7-8 years and also has a whistle that ran through the house. Finally found the kink in the large copper line set during the summer to resolve the issue. Took a while but we finally got there. Just an alternate reason."
KRJGh6X073Q,UgyVvcs37mcUsyyt-I14AaABAg,heat_pump_heating_retrofit,installer_tradesperson,problem_warning_mistakes,"My system froze up intermittently, the last 7-8 years and also has a whistle that ran through the house. Finally found the kink in the large copper line set during the summer to resolve the issue. Took a while but we finally got there. Just an alternate reason."
Kz5JbXTo4rM,UgwAT8HXGEAHpScbOnN4AaABAg,solar_renewable_integration,training_educational,practical_advice_explainer,Hello ! I understand you dont need the fuse on your solar system if its informal series but does that mean you should still have a fuse between your control charger and your inverter online says you should have a fuse for the max input rating of i. Enter is that true 😊
Kz5JbXTo4rM,UgwHW5d6hROmeiR6HOZ4AaABAg,solar_renewable_integration,training_educational,practical_advice_explainer,Hello ! I understand you dont need the fuse on your solar system if its informal series but does that mean you should still have a fuse between your control charger and your inverter online says you should have a fuse for the max input rating of i. Enter is that true 😊
Kz5JbXTo4rM,Ugzu6GxtbhJhx6dGxmV4AaABAg,solar_renewable_integration,training_educational,practical_advice_explainer,Hello ! I understand you dont need the fuse on your solar system if its informal series but does that mean you should still have a fuse between your control charger and your inverter online says you should have a fuse for the max input rating of i. Enter is that true 😊
Kz5JbXTo4rM,UgwFuXqUBgjbFlpG-gB4AaABAg,solar_renewable_integration,training_educational,practical_advice_explainer,"Hi! New to solar and would like to connect solar to charge my Ecoflow Delta 2 Max power station during power outage from hurricanes. I live near the gulf where the summer temperatures are 80 F and above. My Ecoflow Delta 2 Max has two solar charging ports. It says each port has an input voltage rating of 11-60 Volt and 15 amp input limit. Maximum watt per port is 500 watt, with a limit of 1000 watt for the whole unit. Due to tropical temperatures, worst case current is not taken into consideration here. If it is ok, I would like to connect two 200 watt (400 watt) bifacial solar panel to each port on my power station for a total of 800 watt. The solar panels i am considering has the following spec: 200 watt max power Max power voltage : 23.74 Volts Max power Current: 8.43A Open circuit voltage: 27.31 V Short circuit current: 8.91A I dont see a max series fuse rating listed on the product description page. Can you check if my calculations are correct, and is there any advantage to using parallel connection over series in this case? Will parallel make it safer for my equipments (power station and panels)? Series (per port) Open circuit voltage 27.31x2 panels‎ = 54.62V Short circuit current = 8.91A 54.62x 8.91= Total max current 487 W Parallel(per port) Open circuit voltage 27.41 V Short circuit current 8.91x2 =18A 27.41V x18A= 493 W If using parallel connection, What size fuse should I be using here? Where would the fuse go, on the negative or the positive lead? Total of 2 fuses used, one for each port?"
Kz5JbXTo4rM,UgwciKLqD_gMzcxjgPt4AaABAg,solar_renewable_integration,training_educational,practical_advice_explainer,"Hi! New to solar and would like to connect solar to charge my Ecoflow Delta 2 Max power station during power outage from hurricanes. I live near the gulf where the summer temperatures are 80 F and above. My Ecoflow Delta 2 Max has two solar charging ports. It says each port has an input voltage rating of 11-60 Volt and 15 amp input limit. Maximum watt per port is 500 watt, with a limit of 1000 watt for the whole unit. Due to tropical temperatures, worst case current is not taken into consideration here. If it is ok, I would like to connect two 200 watt (400 watt) bifacial solar panel to each port on my power station for a total of 800 watt. The solar panels i am considering has the following spec: 200 watt max power Max power voltage : 23.74 Volts Max power Current: 8.43A Open circuit voltage: 27.31 V Short circuit current: 8.91A I dont see a max series fuse rating listed on the product description page. Can you check if my calculations are correct, and is there any advantage to using parallel connection over series in this case? Will parallel make it safer for my equipments (power station and panels)? Series (per port) Open circuit voltage 27.31x2 panels‎ = 54.62V Short circuit current = 8.91A 54.62x 8.91= Total max current 487 W Parallel(per port) Open circuit voltage 27.41 V Short circuit current 8.91x2 =18A 27.41V x18A= 493 W If using parallel connection, What size fuse should I be using here? Where would the fuse go, on the negative or the positive lead? Total of 2 fuses used, one for each port?"
LL6YhT_HkIY,UgxFyFj1jHmqVCuat3J4AaABAg,heat_pump_heating_retrofit,installer_tradesperson,how_to_installation_demo,"Excessive complexity. So much electronics that no one understands. We're not running a nuclear submarine here. How long is it supposed to last, or more likely, how long before software needs updating or some 'chip' becomes obsolete? The more complexity there is, the less reliable it becomes - good news for installers who have made themselves indispensable, bad news for homeowners who have to pay."
LL6YhT_HkIY,UgyN3oR0P31T4_xos9B4AaABAg,heat_pump_heating_retrofit,installer_tradesperson,how_to_installation_demo,"Excessive complexity. So much electronics that no one understands. We're not running a nuclear submarine here. How long is it supposed to last, or more likely, how long before software needs updating or some 'chip' becomes obsolete? The more complexity there is, the less reliable it becomes - good news for installers who have made themselves indispensable, bad news for homeowners who have to pay."
LVYSz1CuuDw,UgxIuHdITsPbK0is1fd4AaABAg,solar_renewable_integration,installer_tradesperson,how_to_installation_demo,What's the point?
LVYSz1CuuDw,UgxQTsl4ZWj5s0-Ptpl4AaABAg,solar_renewable_integration,installer_tradesperson,how_to_installation_demo,What's the point?
Lc2D5U4DJew,UgwKgFeSAJ8oY2Z0Kmx4AaABAg,loft_roof_insulation,installer_tradesperson,problem_warning_mistakes,"Hi Steve, I have installed a flat warm roof attached to my pitched cold roof. The airflow from the cold pitch roof has access to flow into the space between the joists of the flat roof underneath the 120mm insulation of the warm roof deck. Would I be need to install some insulation to the underside of the joist on my flat roof and still leave a gap for the airflow between the joist? I will be installing an airtight membrane, battens for services and then plasterboard."
Lc2D5U4DJew,Ugy_NRqGmvnkfCGEMk94AaABAg,loft_roof_insulation,installer_tradesperson,problem_warning_mistakes,"Hi Steve, I have installed a flat warm roof attached to my pitched cold roof. The airflow from the cold pitch roof has access to flow into the space between the joists of the flat roof underneath the 120mm insulation of the warm roof deck. Would I be need to install some insulation to the underside of the joist on my flat roof and still leave a gap for the airflow between the joist? I will be installing an airtight membrane, battens for services and then plasterboard."
MQmy2PkmlCE,Ugw44Lfb4mucCW_WWNl4AaABAg,solar_renewable_integration,installer_tradesperson,how_to_installation_demo,Wait for what?
MQmy2PkmlCE,UgwqFbfRyADsMMJsB3V4AaABAg,solar_renewable_integration,installer_tradesperson,how_to_installation_demo,Wait for what?
MQmy2PkmlCE,Ugy1vsLZwkh5W3edo9R4AaABAg,solar_renewable_integration,installer_tradesperson,how_to_installation_demo,Wait for what?
MzSCf_LkyNw,Ugw_6B_dpp2UtN5Lx2h4AaABAg,loft_roof_insulation,installer_tradesperson,how_to_installation_demo,Now it has zero insulation
MzSCf_LkyNw,Ugy8zyFljWZ6gNrUwTR4AaABAg,loft_roof_insulation,installer_tradesperson,how_to_installation_demo,Now it has zero insulation
Ns0leU63MRc,UgwBcOKK7eWRPBcNR7l4AaABAg,heat_pump_heating_retrofit,installer_tradesperson,how_to_installation_demo,"He does not give a shit what happens after, I am an electrician and still know what he’s doing is wrong"
Ns0leU63MRc,UgxDpSXeJubbsjWiC5p4AaABAg,heat_pump_heating_retrofit,installer_tradesperson,how_to_installation_demo,"He does not give a shit what happens after, I am an electrician and still know what he’s doing is wrong"
PKRqplUscbw,Ugx_Iu3zK0UYq11DEPJ4AaABAg,loft_roof_insulation,diy_renovator_homeowner,how_to_installation_demo,What are the orange flags? Are they marking electric junction boxes by chance?
PKRqplUscbw,UgyceOmiT5j4OQlrPsh4AaABAg,loft_roof_insulation,diy_renovator_homeowner,how_to_installation_demo,What are the orange flags? Are they marking electric junction boxes by chance?
QWkP4P7lUMA,UgyjABdB5zDWpfP6Whl4AaABAg,airtightness_draught_proofing,training_educational,problem_warning_mistakes,Amazing!! Absolute revelation! Think your channel will help us with our growing list of DIY jobs!! Any tips on how to keep a toilet roll holder on a bathroom wall please?? Thanks so much! 🙌🤩
QWkP4P7lUMA,Ugyzr3mzphPKSeX3SZ14AaABAg,airtightness_draught_proofing,training_educational,problem_warning_mistakes,Amazing!! Absolute revelation! Think your channel will help us with our growing list of DIY jobs!! Any tips on how to keep a toilet roll holder on a bathroom wall please?? Thanks so much! 🙌🤩
RwHD7D6avyQ,Ugyp_92MxZc9cs_NTWt4AaABAg,floor_insulation,builder_contractor,how_to_installation_demo,What kind of insulation is this
RwHD7D6avyQ,UgzysprY0y1_byPExDB4AaABAg,floor_insulation,builder_contractor,how_to_installation_demo,What kind of insulation is this
S9s1VWxQ-5o,UgxA1iKS1T8GxdHS11F4AaABAg,heat_pump_heating_retrofit,diy_renovator_homeowner,how_to_installation_demo,I’m getting ready to tackle my house. Do you have any more video of how you did the return vent? Did you install it in the wall or did you do multiple returns? You put the unit up on that stand so does the return come up from the bottom? I think I’m pretty much going to use your video as reference . I’m going to install my system in the attic and mount horizontal and then run all the ducts to the ceiling So I was thinking about running an 8 inch pipe directly down the center and then branching eight and 6 inch pipes off of it. The house is about 1500 ft.².
S9s1VWxQ-5o,UgxeZ-MgltXpH8CkIOZ4AaABAg,heat_pump_heating_retrofit,diy_renovator_homeowner,how_to_installation_demo,I’m getting ready to tackle my house. Do you have any more video of how you did the return vent? Did you install it in the wall or did you do multiple returns? You put the unit up on that stand so does the return come up from the bottom? I think I’m pretty much going to use your video as reference . I’m going to install my system in the attic and mount horizontal and then run all the ducts to the ceiling So I was thinking about running an 8 inch pipe directly down the center and then branching eight and 6 inch pipes off of it. The house is about 1500 ft.².
SkF1U4vrlhU,Ugx01kiDcxBPYpIzI_l4AaABAg,general_energy_retrofit,training_educational,practical_advice_explainer,First of all dont use that crap osb board. Buy floor boards and screw them down. Dot and dab the wall with insulation board like Rodger says. And bob is your uncle.
SkF1U4vrlhU,UgxpFJb0na3WfK7m0C14AaABAg,general_energy_retrofit,training_educational,practical_advice_explainer,First of all dont use that crap osb board. Buy floor boards and screw them down. Dot and dab the wall with insulation board like Rodger says. And bob is your uncle.
UUalCAU4W8g,UgyBwW9okuMNTyVtHyJ4AaABAg,internal_wall_insulation,installer_tradesperson,how_to_installation_demo,Aha I never seen it being done on the floor. I’ve only seen it on the wall till now.
UUalCAU4W8g,UgzyV7inA8Z8dhrItzR4AaABAg,internal_wall_insulation,installer_tradesperson,how_to_installation_demo,Aha I never seen it being done on the floor. I’ve only seen it on the wall till now.
WBrL9153zJQ,Ugw0RKwTmPLg7h8FsjV4AaABAg,solar_renewable_integration,training_educational,practical_advice_explainer,Why would it be illegal?
WBrL9153zJQ,UgxQnOjh8iscUUUTTJZ4AaABAg,solar_renewable_integration,training_educational,practical_advice_explainer,Why would it be illegal?
WBrL9153zJQ,Ugxgfad20jVCB2_9_yV4AaABAg,solar_renewable_integration,training_educational,practical_advice_explainer,Why would it be illegal?
X0qPKugYVHs,UgzwkSeyL8ZzgTzPFlZ4AaABAg,airtightness_draught_proofing,diy_renovator_homeowner,how_to_installation_demo,What sealant did you use to hold that down?
X0qPKugYVHs,Ugzxp9Yc3hEX2CwO2it4AaABAg,airtightness_draught_proofing,diy_renovator_homeowner,how_to_installation_demo,What sealant did you use to hold that down?
YZQzzxv4hKI,UgywjaHbqay3RJwctv94AaABAg,smart_heating_controls,installer_tradesperson,how_to_installation_demo,"I have a Climote thermostat (was good for 10 years, they went bust and wanted me to upgrade) can I install a hive, to replace Climote? Is it as straightforward as it appears or do I need a spark to do it for me ? Your vids are brilliant !"
YZQzzxv4hKI,UgzZ85rbLs7ydYaLfod4AaABAg,smart_heating_controls,installer_tradesperson,how_to_installation_demo,"I have a Climote thermostat (was good for 10 years, they went bust and wanted me to upgrade) can I install a hive, to replace Climote? Is it as straightforward as it appears or do I need a spark to do it for me ? Your vids are brilliant !"
ZInm0mt0pXQ,UgxSVUkD7RM16slzx514AaABAg,external_wall_insulation,builder_contractor,how_to_installation_demo,"""Always wear gloves"""
ZInm0mt0pXQ,UgyfWuLCcWfMCWU7nCl4AaABAg,external_wall_insulation,builder_contractor,how_to_installation_demo,"""Always wear gloves"""
ZInm0mt0pXQ,UgylmeOaZrN9chsODQB4AaABAg,external_wall_insulation,builder_contractor,how_to_installation_demo,"""Always wear gloves"""
jYNufQVIFfA,UgxM8euZEk1R-GHbD354AaABAg,damp_condensation_moisture,builder_contractor,problem_warning_mistakes,Had a “nontoxic” closed cell foam installed about 6 years ago. I traced the USA SDS sheet to the patent holder which did not list ingredients. For 2 weeks after install the house air quality was so toxic we moved out. After week 3 we moved back in and no odor since. Closed cell product shrank 5% a year later. All in all it was worth it.
jYNufQVIFfA,UgxakJHEvQlF7em2yVh4AaABAg,damp_condensation_moisture,builder_contractor,problem_warning_mistakes,Had a “nontoxic” closed cell foam installed about 6 years ago. I traced the USA SDS sheet to the patent holder which did not list ingredients. For 2 weeks after install the house air quality was so toxic we moved out. After week 3 we moved back in and no odor since. Closed cell product shrank 5% a year later. All in all it was worth it.
k5cYjwz-I1s,Ugxc62Et37OIEuNSwOV4AaABAg,smart_heating_controls,installer_tradesperson,practical_advice_explainer,"Please consider subscribing - Uploading still today! *PLUMBERPARTS AMAZON TOOL SHOP* https://www.amazon.co.uk/shop/plumberparts *Please Follow my Vlog, TimesWithJames* http://www.youtube.com/c/timeswithjames"
k5cYjwz-I1s,UgxgUZ6aaPiqjRXV-vB4AaABAg,smart_heating_controls,installer_tradesperson,practical_advice_explainer,"Please consider subscribing - Uploading still today! *PLUMBERPARTS AMAZON TOOL SHOP* https://www.amazon.co.uk/shop/plumberparts *Please Follow my Vlog, TimesWithJames* http://www.youtube.com/c/timeswithjames"
pd926OwKAiA,Ugz5wKPU-SJd6hHqkbt4AaABAg,smart_heating_controls,installer_tradesperson,how_to_installation_demo,"Great video! I have my green and blue wire connected together in the C on my old iComfort thermostat. I’m upgrading to the new Nest 4th gen thermostat, do I keep the blue and green wire connected in the C slot or should I separate it? Thanks for any input . 6:26"
pd926OwKAiA,UgzXns8vGo7rghWzGql4AaABAg,smart_heating_controls,installer_tradesperson,how_to_installation_demo,"Great video! I have my green and blue wire connected together in the C on my old iComfort thermostat. I’m upgrading to the new Nest 4th gen thermostat, do I keep the blue and green wire connected in the C slot or should I separate it? Thanks for any input . 6:26"
pd926OwKAiA,UgzwZUV5wg6nYC4QLH94AaABAg,smart_heating_controls,installer_tradesperson,how_to_installation_demo,"Great video! I have my green and blue wire connected together in the C on my old iComfort thermostat. I’m upgrading to the new Nest 4th gen thermostat, do I keep the blue and green wire connected in the C slot or should I separate it? Thanks for any input . 6:26"
pd926OwKAiA,UgyJpvsYKrDui29hx3R4AaABAg,smart_heating_controls,installer_tradesperson,how_to_installation_demo,"Great video. I have both the blue and green wire connected to the C on my old iComfort thermostat. Trying to upgrade to the Nest 4th gen thermostat , can I connect green and blue wire to the C slot in the Nest thermostat or do I separate them?"
pd926OwKAiA,UgzQDO412tTr2i-XAZZ4AaABAg,smart_heating_controls,installer_tradesperson,how_to_installation_demo,"Great video. I have both the blue and green wire connected to the C on my old iComfort thermostat. Trying to upgrade to the Nest 4th gen thermostat , can I connect green and blue wire to the C slot in the Nest thermostat or do I separate them?"
ppKgtY7BchA,UgyNcX27icvKVQm9yEF4AaABAg,heat_pump_heating_retrofit,training_educational,how_to_installation_demo,"Cool system...until the day something breaks and the installer is long gone. I would imagine a lot of those parts aren’t readily available like the modulating pumps, pex manifolds, and the refrigerant distribution manifold to name a few. Not a good situation in the middle of January and you have to wait 3 days for a special order replacement part. Also, what happens when joe homeowner changes the carpet in one room to hardwood or vice versa? How do you correct that on the heating side?"
ppKgtY7BchA,UgzSuQ8u5A_vD79bRKh4AaABAg,heat_pump_heating_retrofit,training_educational,how_to_installation_demo,"Cool system...until the day something breaks and the installer is long gone. I would imagine a lot of those parts aren’t readily available like the modulating pumps, pex manifolds, and the refrigerant distribution manifold to name a few. Not a good situation in the middle of January and you have to wait 3 days for a special order replacement part. Also, what happens when joe homeowner changes the carpet in one room to hardwood or vice versa? How do you correct that on the heating side?"
qyZm66j8QU4,UgzKT9IY-siHYzKIGm94AaABAg,damp_condensation_moisture,diy_renovator_homeowner,how_to_installation_demo,Damp ❌ Dump ✅
qyZm66j8QU4,Ugzjf-fRd1rhPpOeqdR4AaABAg,damp_condensation_moisture,diy_renovator_homeowner,how_to_installation_demo,Damp ❌ Dump ✅
sSDytAtzk0U,Ugw9AY37GAnlMdqJ-qx4AaABAg,smart_heating_controls,installer_tradesperson,how_to_installation_demo,My wiring has the “C wire” in place. I’m buying it for boiler (heat). I don’t have a “yellow wire” (A/C). Question: It should work fine with 4wires (R/W/G/B). Right? Thank you so much!
sSDytAtzk0U,UgyoZOhHrYgB5Qw3GfV4AaABAg,smart_heating_controls,installer_tradesperson,how_to_installation_demo,My wiring has the “C wire” in place. I’m buying it for boiler (heat). I don’t have a “yellow wire” (A/C). Question: It should work fine with 4wires (R/W/G/B). Right? Thank you so much!
tbq6uZ9Y0nQ,Ugz2jSRUtijJ3P4mJRN4AaABAg,windows_doors_glazing,training_educational,how_to_installation_demo,How do you do this if you live in an apartment with no frame? Don't want to take paint off drywall.
tbq6uZ9Y0nQ,Ugz7EGFCGAJnswY7XI94AaABAg,windows_doors_glazing,training_educational,how_to_installation_demo,How do you do this if you live in an apartment with no frame? Don't want to take paint off drywall.
tu1st66use4,Ugx9gGHyDvK_kG9_vSJ4AaABAg,internal_wall_insulation,training_educational,practical_advice_explainer,"Bigger concern is when you remove the heat from the back of the wall in very cold climate, it can freeze. Spalling the masonry."
tu1st66use4,UgzYdoJowbYpS3aws1Z4AaABAg,internal_wall_insulation,training_educational,practical_advice_explainer,"Bigger concern is when you remove the heat from the back of the wall in very cold climate, it can freeze. Spalling the masonry."
uqyAWkXXt3A,Ugy3plRyBmiPauU2knZ4AaABAg,heat_pump_heating_retrofit,training_educational,how_to_installation_demo,"The heat pump water heater comparison really highlighted how efficiency shifts depending on climate and installation design, especially between unitary and split systems. A professional service provider like American Residential Services would usually evaluate the home’s heating load and placement before choosing a system type rather than focusing only on equipment specs. It made the tradeoffs between COP and real conditions easier to understand."
uqyAWkXXt3A,UgyOAg-vRRmJx-YCQ-V4AaABAg,heat_pump_heating_retrofit,training_educational,how_to_installation_demo,"The heat pump water heater comparison really highlighted how efficiency shifts depending on climate and installation design, especially between unitary and split systems. A professional service provider like American Residential Services would usually evaluate the home’s heating load and placement before choosing a system type rather than focusing only on equipment specs. It made the tradeoffs between COP and real conditions easier to understand."
xOp8Fn38rnc,UgwpuDmQ_K2eCm2dWVN4AaABAg,loft_roof_insulation,installer_tradesperson,how_to_installation_demo,"She has wrote VCB on the diagram, which I assume stands for vapour control barrier."
xOp8Fn38rnc,UgyHOTcygOLSfp-aeXt4AaABAg,loft_roof_insulation,installer_tradesperson,how_to_installation_demo,"She has wrote VCB on the diagram, which I assume stands for vapour control barrier."
xWRLCWmqT50,Ugw8qwiMU5FsRZKoKE54AaABAg,loft_roof_insulation,builder_contractor,practical_advice_explainer,Is it possible to provide the detail specifications for this roof build up in the description and all your other very helpful videos please?
xWRLCWmqT50,UgwE7xZElaR-cDD0NPt4AaABAg,loft_roof_insulation,builder_contractor,practical_advice_explainer,Is it possible to provide the detail specifications for this roof build up in the description and all your other very helpful videos please?
xWRLCWmqT50,Ugx2PcAj_HrUE3PF4DR4AaABAg,loft_roof_insulation,builder_contractor,practical_advice_explainer,"Thank you for the great video and I agree with your explanation. Unfortunately I am very worried as I have done more then 50 flat roofs with 18mm wbp on top of the firrings, vlc “alutrix” on top of the plywood, 150mm ecotherm (very well done, fill and seal all the joints) then 18mm tongue and groove OSB mechanical fixed with the “ plastic washers “ then finished with Flexi tec resin 2020 (very expensive material) and I have provided 10year warranty to my clients. Your explanations make sense, but I don’t know what to do with all the roofs that I have done and also with the others that we already have booked. I find it very difficult to use tissued face insulation (no plywood on top) when you have a lot of parapet detail, box gutter detail, skylight upstand, when the flat roof will be used as a balcony, or air source heat pump will be installed on top, etc…. Any suggestions? All the best"
xWRLCWmqT50,UgytxjU9-KA_c4bIiCt4AaABAg,loft_roof_insulation,builder_contractor,practical_advice_explainer,"Thank you for the great video and I agree with your explanation. Unfortunately I am very worried as I have done more then 50 flat roofs with 18mm wbp on top of the firrings, vlc “alutrix” on top of the plywood, 150mm ecotherm (very well done, fill and seal all the joints) then 18mm tongue and groove OSB mechanical fixed with the “ plastic washers “ then finished with Flexi tec resin 2020 (very expensive material) and I have provided 10year warranty to my clients. Your explanations make sense, but I don’t know what to do with all the roofs that I have done and also with the others that we already have booked. I find it very difficult to use tissued face insulation (no plywood on top) when you have a lot of parapet detail, box gutter detail, skylight upstand, when the flat roof will be used as a balcony, or air source heat pump will be installed on top, etc…. Any suggestions? All the best"
xWRLCWmqT50,Ugz1xBd8R9JCpoB0w5F4AaABAg,loft_roof_insulation,builder_contractor,practical_advice_explainer,"Thank you for the great video and I agree with your explanation. Unfortunately I am very worried as I have done more then 50 flat roofs with 18mm wbp on top of the firrings, vlc “alutrix” on top of the plywood, 150mm ecotherm (very well done, fill and seal all the joints) then 18mm tongue and groove OSB mechanical fixed with the “ plastic washers “ then finished with Flexi tec resin 2020 (very expensive material) and I have provided 10year warranty to my clients. Your explanations make sense, but I don’t know what to do with all the roofs that I have done and also with the others that we already have booked. I find it very difficult to use tissued face insulation (no plywood on top) when you have a lot of parapet detail, box gutter detail, skylight upstand, when the flat roof will be used as a balcony, or air source heat pump will be installed on top, etc…. Any suggestions? All the best"
xWRLCWmqT50,UgzAewcv1VtkHwEa3HV4AaABAg,loft_roof_insulation,builder_contractor,practical_advice_explainer,"Thank you for the great video and I agree with your explanation. Unfortunately I am very worried as I have done more then 50 flat roofs with 18mm wbp on top of the firrings, vlc “alutrix” on top of the plywood, 150mm ecotherm (very well done, fill and seal all the joints) then 18mm tongue and groove OSB mechanical fixed with the “ plastic washers “ then finished with Flexi tec resin 2020 (very expensive material) and I have provided 10year warranty to my clients. Your explanations make sense, but I don’t know what to do with all the roofs that I have done and also with the others that we already have booked. I find it very difficult to use tissued face insulation (no plywood on top) when you have a lot of parapet detail, box gutter detail, skylight upstand, when the flat roof will be used as a balcony, or air source heat pump will be installed on top, etc…. Any suggestions? All the best"
xc_BbbMi1cg,Ugw0nTAPnlB-JsxDGPN4AaABAg,heat_pump_heating_retrofit,diy_renovator_homeowner,practical_advice_explainer,Covering the inside of that mechanical room with something like Rockwool safe 'n sound will effectively kill that noise.
xc_BbbMi1cg,UgwD4ASAILSsFp1PSFZ4AaABAg,heat_pump_heating_retrofit,diy_renovator_homeowner,practical_advice_explainer,Covering the inside of that mechanical room with something like Rockwool safe 'n sound will effectively kill that noise.
zaaaVfjdYnQ,UgxhFPOqnrJHwFu50iZ4AaABAg,loft_roof_insulation,installer_tradesperson,how_to_installation_demo,Appreciate the straightforward information (greetings from Detroit - trying to properly care for my 1950s bungalow)
zaaaVfjdYnQ,UgziE32-j49Qc0Z3pLJ4AaABAg,loft_roof_insulation,installer_tradesperson,how_to_installation_demo,Appreciate the straightforward information (greetings from Detroit - trying to properly care for my 1950s bungalow)
zg9IM061rbU,Ugxyp186UG-yYx7ArAJ4AaABAg,solar_renewable_integration,diy_renovator_homeowner,how_to_installation_demo,So it produces 120kwh a day? And a houses 30kwh a day? Or a month? Also the batteries only store 20 kWh? Why have such a big system if you are using 1kwh a day?
zg9IM061rbU,UgyQP1IF7389BdgUdpF4AaABAg,solar_renewable_integration,diy_renovator_homeowner,how_to_installation_demo,So it produces 120kwh a day? And a houses 30kwh a day? Or a month? Also the batteries only store 20 kWh? Why have such a big system if you are using 1kwh a day?
zg9IM061rbU,UgztObnB8CnZF_6uxF94AaABAg,solar_renewable_integration,diy_renovator_homeowner,how_to_installation_demo,So it produces 120kwh a day? And a houses 30kwh a day? Or a month? Also the batteries only store 20 kWh? Why have such a big system if you are using 1kwh a day?
