candidate_topic_count,topic_number,topic_npmi_top_10,dominant_comment_count,dominant_comment_share,median_relative_dominant_loading,mean_relative_dominant_loading,unique_videos,largest_single_video_share,channel_column_used,largest_single_channel_share,top_10_terms,top_20_terms,generic_social_terms_in_top_10,retrofit_topic_distribution,creator_type_distribution,video_type_distribution,primary_theme_distribution,leading_channels,provisional_topic_label,coherence_rating_1_to_5,distinctiveness_rating_1_to_5,research_relevance_rating_1_to_5,possible_overlap_with_topic,retain_merge_or_reject,reviewer_notes
12,1,0.1228751646781502,7260,0.17105294159225315,0.4854120389769162,0.5281411367376383,777,0.016391184573002756,,,not | would | house | like | just | good | when | never | years | more,not | would | house | like | just | good | when | never | years | more | no | time | could | old | new | think | work | really | way | people,good,"heat_pump_heating_retrofit (1,721; 23.7%) | airtightness_draught_proofing (1,017; 14.0%) | smart_heating_controls (855; 11.8%)","diy_renovator_homeowner (2,227; 30.7%) | training_educational (1,857; 25.6%) | installer_tradesperson (1,856; 25.6%)","how_to_installation_demo (3,666; 50.5%) | practical_advice_explainer (1,681; 23.2%) | problem_warning_mistakes (1,379; 19.0%)","theme_practical_advice (1,937; 26.7%) | theme_question_request (1,734; 23.9%) | theme_personal_experience (756; 10.4%)",,,,,,,,
12,2,0.3471855908937648,1846,0.04349362674645996,0.5786160533521605,0.6035239436772847,233,0.11213434452871072,,,foam | spray | spray foam | cell | use | foam insulation | closed | closed cell | expanding | foam board,foam | spray | spray foam | cell | use | foam insulation | closed | closed cell | expanding | foam board | board | expanding foam | cell spray | use spray | foam not | attic | seal | cell foam | wool | mortgage,,loft_roof_insulation (502; 27.2%) | airtightness_draught_proofing (413; 22.4%) | damp_condensation_moisture (322; 17.4%),builder_contractor (873; 47.3%) | diy_renovator_homeowner (419; 22.7%) | installer_tradesperson (303; 16.4%),how_to_installation_demo (834; 45.2%) | problem_warning_mistakes (679; 36.8%) | practical_advice_explainer (182; 9.9%),theme_product_material_tool (636; 34.5%) | theme_question_request (373; 20.2%) | theme_practical_advice (260; 14.1%),,,,,,,,
12,3,-0.1646745234926762,3265,0.0769267016940367,0.5612400307519505,0.5913343958280757,693,0.014701378254211332,,,what | what would | what happens | happens | what brand | what did | using | know what | what kind | brand,what | what would | what happens | happens | what brand | what did | using | know what | what kind | brand | kind | what cost | did | what size | use | size | cost | did use | called | know,,heat_pump_heating_retrofit (702; 21.5%) | smart_heating_controls (434; 13.3%) | solar_renewable_integration (354; 10.8%),"installer_tradesperson (1,023; 31.3%) | diy_renovator_homeowner (933; 28.6%) | training_educational (764; 23.4%)","how_to_installation_demo (1,807; 55.3%) | practical_advice_explainer (712; 21.8%) | problem_warning_mistakes (513; 15.7%)","theme_question_request (2,416; 74.0%) | theme_practical_advice (213; 6.5%) | theme_energy_performance (142; 4.3%)",,,,,,,,
12,4,0.1020004855753277,2895,0.06820912753575384,0.5344877562618026,0.5665520563506773,668,0.012435233160621761,,,how | how did | did | cost | how does | how long | know | how would | long | know how,how | how did | did | cost | how does | how long | know | how would | long | know how | how cost | how know | video how | did cost | how fix | fix | would | how install | not how | insulate,,heat_pump_heating_retrofit (688; 23.8%) | smart_heating_controls (438; 15.1%) | solar_renewable_integration (339; 11.7%),installer_tradesperson (939; 32.4%) | diy_renovator_homeowner (920; 31.8%) | training_educational (611; 21.1%),"how_to_installation_demo (1,693; 58.5%) | practical_advice_explainer (543; 18.8%) | problem_warning_mistakes (429; 14.8%)","theme_question_request (2,054; 70.9%) | theme_practical_advice (243; 8.4%) | theme_energy_performance (164; 5.7%)",,,,,,,,
12,5,0.3620621807639865,3307,0.07791626416605801,0.4846068487759383,0.5161188642618826,391,0.054429996976111276,,,heat | pump | heat pump | water | heating | gas | boiler | pumps | heat pumps | hot,heat | pump | heat pump | water | heating | gas | boiler | pumps | heat pumps | hot | hot water | temperature | electric | radiators | furnace | air | heater | run | cold | loss,,"heat_pump_heating_retrofit (2,487; 75.2%) | smart_heating_controls (300; 9.1%) | general_energy_retrofit (73; 2.2%)","installer_tradesperson (1,205; 36.4%) | training_educational (1,198; 36.2%) | diy_renovator_homeowner (614; 18.6%)","practical_advice_explainer (1,555; 47.0%) | how_to_installation_demo (1,329; 40.2%) | problem_warning_mistakes (226; 6.8%)","theme_question_request (1,181; 35.7%) | theme_practical_advice (604; 18.3%) | theme_energy_performance (485; 14.7%)",,,,,,,,
12,6,0.2062807007457136,4161,0.09803736776382442,0.5257901349542634,0.5550433941785723,622,0.020187454938716654,,,video | great | great video | thanks | thank | video thanks | hi | thanks video | question | videos,video | great | great video | thanks | thank | video thanks | hi | thanks video | question | videos | informative | thanks great | video what | helpful | excellent | sharing | nice | job | video how | video thank,great | thank | thanks | video | videos,smart_heating_controls (922; 22.2%) | heat_pump_heating_retrofit (881; 21.2%) | airtightness_draught_proofing (467; 11.2%),"diy_renovator_homeowner (1,378; 33.1%) | installer_tradesperson (1,146; 27.5%) | training_educational (1,044; 25.1%)","how_to_installation_demo (2,301; 55.3%) | practical_advice_explainer (809; 19.4%) | problem_warning_mistakes (729; 17.5%)","theme_question_request (1,793; 43.1%) | theme_practical_advice (683; 16.4%) | theme_personal_experience (418; 10.0%)",,,,,,,,
12,7,0.2031616090279976,2256,0.05315364135428693,0.5346145192638393,0.5676330584431364,577,0.018173758865248225,,,why | not | why not | use | did | why would | why did | did not | not just | not use,why | not | why not | use | did | why would | why did | did not | not just | not use | just | instead | would not | just use | would | why use | understand | know why | why does | illegal,,heat_pump_heating_retrofit (456; 20.2%) | smart_heating_controls (282; 12.5%) | solar_renewable_integration (272; 12.1%),installer_tradesperson (741; 32.8%) | diy_renovator_homeowner (594; 26.3%) | training_educational (495; 21.9%),"how_to_installation_demo (1,309; 58.0%) | practical_advice_explainer (482; 21.4%) | problem_warning_mistakes (340; 15.1%)","theme_question_request (1,478; 65.5%) | theme_practical_advice (348; 15.4%) | theme_energy_performance (98; 4.3%)",,,,,,,,
12,8,0.3441331814724632,3634,0.08562071484108098,0.5527288209179424,0.5773340137658546,446,0.03467253714914695,,,solar | panels | battery | solar panels | power | panel | inverter | batteries | grid | cost,solar | panels | battery | solar panels | power | panel | inverter | batteries | grid | cost | charge | energy | use | solar panel | electric | kwh | need | electricity | more | day,,"solar_renewable_integration (2,344; 64.5%) | heat_pump_heating_retrofit (527; 14.5%) | smart_heating_controls (352; 9.7%)","training_educational (1,327; 36.5%) | installer_tradesperson (1,215; 33.4%) | diy_renovator_homeowner (955; 26.3%)","how_to_installation_demo (1,761; 48.5%) | practical_advice_explainer (1,112; 30.6%) | project_walkthrough (434; 11.9%)","theme_question_request (1,360; 37.4%) | theme_cost_finance (823; 22.6%) | theme_practical_advice (578; 15.9%)",,,,,,,,
12,9,0.1506083900505221,3627,0.08545578776241076,0.5037419345056864,0.5359746067506652,642,0.034463744141163495,,,does | does not | wire | thermostat | not | work | wires | how does | boiler | need,does | does not | wire | thermostat | not | work | wires | how does | boiler | need | nest | not work | does work | connected | blue | red | connect | smart | hive | white,,"smart_heating_controls (1,732; 47.8%) | heat_pump_heating_retrofit (622; 17.1%) | solar_renewable_integration (233; 6.4%)","installer_tradesperson (1,473; 40.6%) | diy_renovator_homeowner (991; 27.3%) | training_educational (822; 22.7%)","how_to_installation_demo (2,316; 63.9%) | practical_advice_explainer (752; 20.7%) | problem_warning_mistakes (431; 11.9%)","theme_question_request (2,095; 57.8%) | theme_practical_advice (539; 14.9%) | theme_personal_experience (229; 6.3%)",,,,,,,,
12,10,0.0048917193574298,1546,0.03642532337487925,0.46483909310345617,0.5248369828461158,519,0.016170763260025874,,,where | did | where did | buy | where buy | did not | where does | how did | link | know where,where | did | where did | buy | where buy | did not | where does | how did | link | know where | live | located | where live | video where | wire | where would | what did | did use | based | hi,,heat_pump_heating_retrofit (315; 20.4%) | smart_heating_controls (193; 12.5%) | airtightness_draught_proofing (188; 12.2%),diy_renovator_homeowner (504; 32.6%) | installer_tradesperson (438; 28.3%) | training_educational (332; 21.5%),how_to_installation_demo (901; 58.3%) | practical_advice_explainer (306; 19.8%) | problem_warning_mistakes (245; 15.8%),theme_question_request (879; 56.9%) | theme_practical_advice (155; 10.0%) | theme_personal_experience (125; 8.1%),,,,,,,,
12,11,0.2451337392257993,4217,0.09935678439318615,0.5022809665372858,0.5360335239869459,473,0.036281716860327246,,,insulation | wall | barrier | cavity | walls | floor | vapour | vapour barrier | vapor | wall insulation,insulation | wall | barrier | cavity | walls | floor | vapour | vapour barrier | vapor | wall insulation | between | board | vapor barrier | cavity wall | moisture | inside | brick | concrete | damp | plaster,,damp_condensation_moisture (710; 16.8%) | loft_roof_insulation (643; 15.2%) | internal_wall_insulation (552; 13.1%),"builder_contractor (1,213; 28.8%) | diy_renovator_homeowner (1,207; 28.6%) | training_educational (1,098; 26.0%)","how_to_installation_demo (1,992; 47.2%) | practical_advice_explainer (1,015; 24.1%) | problem_warning_mistakes (792; 18.8%)","theme_question_request (1,379; 32.7%) | theme_energy_performance (1,062; 25.2%) | theme_damp_moisture_condensation (719; 17.1%)",,,,,,,,
12,12,0.2831162092668909,4429,0.10435171877576986,0.48925842784130696,0.5190263049902839,525,0.03612553623842854,,,air | roof | vents | attic | cold | vent | warm | ventilation | ridge | soffit,air | roof | vents | attic | cold | vent | warm | ventilation | ridge | soffit | gap | space | warm roof | through | condensation | moisture | ceiling | cold air | fan | flow,,"loft_roof_insulation (1,096; 24.7%) | ventilation_mvhr (877; 19.8%) | damp_condensation_moisture (846; 19.1%)","diy_renovator_homeowner (1,233; 27.8%) | builder_contractor (1,141; 25.8%) | training_educational (1,063; 24.0%)","how_to_installation_demo (1,673; 37.8%) | practical_advice_explainer (1,534; 34.6%) | problem_warning_mistakes (980; 22.1%)","theme_question_request (1,407; 31.8%) | theme_practical_advice (826; 18.6%) | theme_energy_performance (765; 17.3%)",,,,,,,,
16,1,0.1263696284566999,5105,0.12027896237306505,0.4319432862958904,0.4776723277581098,693,0.01762977473065622,,,house | not | just | when | never | years | no | like | good | more,house | not | just | when | never | years | no | like | good | more | old | time | heating | new | way | over | people | windows | problem | really,good,"heat_pump_heating_retrofit (1,220; 23.9%) | airtightness_draught_proofing (766; 15.0%) | damp_condensation_moisture (630; 12.3%)","diy_renovator_homeowner (1,587; 31.1%) | training_educational (1,374; 26.9%) | installer_tradesperson (1,274; 25.0%)","how_to_installation_demo (2,468; 48.3%) | practical_advice_explainer (1,317; 25.8%) | problem_warning_mistakes (972; 19.0%)","theme_practical_advice (1,423; 27.9%) | theme_question_request (1,061; 20.8%) | theme_personal_experience (520; 10.2%)",,,,,,,,
16,2,0.3471855908937648,1636,0.03854581438635346,0.5482989829758171,0.5769375840229701,220,0.11858190709046455,,,foam | spray | spray foam | cell | use | foam insulation | closed | closed cell | expanding | foam board,foam | spray | spray foam | cell | use | foam insulation | closed | closed cell | expanding | foam board | board | expanding foam | cell spray | use spray | foam not | attic | seal | cell foam | wool | mortgage,,loft_roof_insulation (461; 28.2%) | airtightness_draught_proofing (379; 23.2%) | damp_condensation_moisture (279; 17.1%),builder_contractor (792; 48.4%) | diy_renovator_homeowner (361; 22.1%) | installer_tradesperson (271; 16.6%),how_to_installation_demo (738; 45.1%) | problem_warning_mistakes (611; 37.3%) | practical_advice_explainer (148; 9.0%),theme_product_material_tool (588; 35.9%) | theme_question_request (314; 19.2%) | theme_practical_advice (231; 14.1%),,,,,,,,
16,3,-0.0591598151752249,2806,0.06611219753551822,0.5502470344942825,0.5848965716572934,647,0.0135424091233072,,,what | what happens | happens | know what | what brand | using | what would | what kind | brand | kind,what | what happens | happens | know what | what brand | using | what would | what kind | brand | kind | what cost | what did | what size | size | called | know | cost | what type | use | doing,,heat_pump_heating_retrofit (617; 22.0%) | smart_heating_controls (371; 13.2%) | solar_renewable_integration (319; 11.4%),installer_tradesperson (892; 31.8%) | diy_renovator_homeowner (766; 27.3%) | training_educational (668; 23.8%),"how_to_installation_demo (1,558; 55.5%) | practical_advice_explainer (619; 22.1%) | problem_warning_mistakes (430; 15.3%)","theme_question_request (2,076; 74.0%) | theme_practical_advice (190; 6.8%) | theme_energy_performance (118; 4.2%)",,,,,,,,
16,4,0.0410204450448569,2369,0.05581603562424899,0.5069129560021723,0.5481544859336483,621,0.013085690164626424,,,how | cost | how did | how does | how long | know | long | how would | know how | how cost,how | cost | how did | how does | how long | know | long | how would | know how | how cost | how know | video how | how fix | fix | how install | not how | did cost | does cost | insulate | set,,heat_pump_heating_retrofit (577; 24.4%) | smart_heating_controls (384; 16.2%) | solar_renewable_integration (274; 11.6%),installer_tradesperson (795; 33.6%) | diy_renovator_homeowner (702; 29.6%) | training_educational (527; 22.2%),"how_to_installation_demo (1,370; 57.8%) | practical_advice_explainer (469; 19.8%) | problem_warning_mistakes (352; 14.9%)","theme_question_request (1,650; 69.6%) | theme_practical_advice (226; 9.5%) | theme_energy_performance (143; 6.0%)",,,,,,,,
16,5,0.3620621807639865,2965,0.069858398322456,0.45385653624825784,0.48582014014847935,363,0.05834738617200674,,,heat | pump | heat pump | gas | water | pumps | heating | heat pumps | boiler | hot,heat | pump | heat pump | gas | water | pumps | heating | heat pumps | boiler | hot | hot water | temperature | electric | air | radiators | furnace | heater | loss | heat loss | run,,"heat_pump_heating_retrofit (2,291; 77.3%) | smart_heating_controls (221; 7.5%) | solar_renewable_integration (68; 2.3%)","installer_tradesperson (1,114; 37.6%) | training_educational (1,062; 35.8%) | diy_renovator_homeowner (528; 17.8%)","practical_advice_explainer (1,427; 48.1%) | how_to_installation_demo (1,192; 40.2%) | problem_warning_mistakes (176; 5.9%)","theme_question_request (1,066; 36.0%) | theme_practical_advice (545; 18.4%) | theme_energy_performance (418; 14.1%)",,,,,,,,
16,6,0.2062807007457136,3750,0.08835379214475886,0.49416688363260947,0.525390999919965,590,0.0208,,,video | great | great video | thanks | thank | video thanks | hi | thanks video | videos | question,video | great | great video | thanks | thank | video thanks | hi | thanks video | videos | question | informative | thanks great | video what | job | helpful | nice | excellent | sharing | good | really,great | thank | thanks | video | videos,smart_heating_controls (824; 22.0%) | heat_pump_heating_retrofit (815; 21.7%) | airtightness_draught_proofing (434; 11.6%),"diy_renovator_homeowner (1,244; 33.2%) | installer_tradesperson (1,020; 27.2%) | training_educational (948; 25.3%)","how_to_installation_demo (2,067; 55.1%) | practical_advice_explainer (740; 19.7%) | problem_warning_mistakes (657; 17.5%)","theme_question_request (1,583; 42.2%) | theme_practical_advice (656; 17.5%) | theme_personal_experience (345; 9.2%)",,,,,,,,
16,7,0.1876245266698606,1754,0.04132601371250854,0.5257121135734864,0.5566724732594104,523,0.022234891676168756,,,why | why not | not | use | why would | not just | not use | why did | just | instead,why | why not | not | use | why would | not just | not use | why did | just | instead | understand | just use | why use | why does | know why | would not | understand why | illegal | not understand | why no,,heat_pump_heating_retrofit (376; 21.4%) | smart_heating_controls (237; 13.5%) | solar_renewable_integration (216; 12.3%),installer_tradesperson (594; 33.9%) | diy_renovator_homeowner (448; 25.5%) | training_educational (417; 23.8%),how_to_installation_demo (993; 56.6%) | practical_advice_explainer (400; 22.8%) | problem_warning_mistakes (262; 14.9%),"theme_question_request (1,264; 72.1%) | theme_practical_advice (224; 12.8%) | theme_energy_performance (73; 4.2%)",,,,,,,,
16,8,0.3441331814724632,3400,0.08010743821124802,0.515140061861834,0.5454871440452955,424,0.033529411764705884,,,solar | panels | battery | solar panels | power | panel | inverter | batteries | grid | cost,solar | panels | battery | solar panels | power | panel | inverter | batteries | grid | cost | charge | energy | use | solar panel | electric | kwh | more | electricity | need | day,,"solar_renewable_integration (2,234; 65.7%) | heat_pump_heating_retrofit (506; 14.9%) | smart_heating_controls (299; 8.8%)","training_educational (1,253; 36.9%) | installer_tradesperson (1,125; 33.1%) | diy_renovator_homeowner (897; 26.4%)","how_to_installation_demo (1,633; 48.0%) | practical_advice_explainer (1,056; 31.1%) | project_walkthrough (411; 12.1%)","theme_question_request (1,256; 36.9%) | theme_cost_finance (794; 23.4%) | theme_practical_advice (546; 16.1%)",,,,,,,,
16,9,0.1226241625447829,2435,0.05737106236599675,0.43864290819117485,0.4792139914007196,619,0.011498973305954825,,,does | does not | not | work | how does | does work | not work | mean | need | what does,does | does not | not | work | how does | does work | not work | mean | need | what does | matter | not need | does cost | does mean | why does | know | does know | where does | does need | foam does,,heat_pump_heating_retrofit (529; 21.7%) | smart_heating_controls (521; 21.4%) | airtightness_draught_proofing (246; 10.1%),installer_tradesperson (844; 34.7%) | diy_renovator_homeowner (670; 27.5%) | training_educational (544; 22.3%),"how_to_installation_demo (1,380; 56.7%) | practical_advice_explainer (533; 21.9%) | problem_warning_mistakes (390; 16.0%)","theme_question_request (1,262; 51.8%) | theme_practical_advice (415; 17.0%) | theme_energy_performance (169; 6.9%)",,,,,,,,
16,10,0.0340660085654383,1714,0.04038357326296445,0.44263257058435307,0.46787095956992125,497,0.022170361726954493,,,did | did not | how did | not | why did | did use | what did | where did | use | did cost,did | did not | how did | not | why did | did use | what did | where did | use | did cost | job | not know | cost | install | say | work | video did | know | did install | not use,,heat_pump_heating_retrofit (364; 21.2%) | smart_heating_controls (215; 12.5%) | loft_roof_insulation (181; 10.6%),diy_renovator_homeowner (680; 39.7%) | installer_tradesperson (447; 26.1%) | builder_contractor (300; 17.5%),how_to_installation_demo (998; 58.2%) | problem_warning_mistakes (315; 18.4%) | practical_advice_explainer (246; 14.4%),theme_question_request (680; 39.7%) | theme_personal_experience (363; 21.2%) | theme_practical_advice (258; 15.1%),,,,,,,,
16,11,-0.1138538108587602,1043,0.024574134721862262,0.45734561803196466,0.5174296267897297,435,0.019175455417066157,,,where | buy | where buy | where did | where does | live | know where | link | located | where live,where | buy | where buy | where did | where does | live | know where | link | located | where live | video where | know | based | where would | tool | uk | where not | goes | door | purchase,,heat_pump_heating_retrofit (216; 20.7%) | airtightness_draught_proofing (131; 12.6%) | smart_heating_controls (124; 11.9%),diy_renovator_homeowner (335; 32.1%) | installer_tradesperson (314; 30.1%) | training_educational (213; 20.4%),how_to_installation_demo (625; 59.9%) | practical_advice_explainer (196; 18.8%) | problem_warning_mistakes (162; 15.5%),theme_question_request (645; 61.8%) | theme_practical_advice (105; 10.1%) | theme_energy_performance (69; 6.6%),,,,,,,,
16,12,0.2831162092668909,4057,0.09558702259500977,0.4574270261994834,0.4868768233753449,509,0.03845205817106236,,,roof | air | vents | attic | cold | vent | warm | ridge | ventilation | soffit,roof | air | vents | attic | cold | vent | warm | ridge | ventilation | soffit | gap | space | warm roof | ceiling | through | fan | cold air | between | condensation | air gap,,"loft_roof_insulation (1,021; 25.2%) | ventilation_mvhr (834; 20.6%) | damp_condensation_moisture (753; 18.6%)","diy_renovator_homeowner (1,125; 27.7%) | builder_contractor (1,068; 26.3%) | training_educational (953; 23.5%)","how_to_installation_demo (1,544; 38.1%) | practical_advice_explainer (1,393; 34.3%) | problem_warning_mistakes (898; 22.1%)","theme_question_request (1,297; 32.0%) | theme_practical_advice (768; 18.9%) | theme_energy_performance (729; 18.0%)",,,,,,,,
16,13,0.2734620976608829,3275,0.07716231180642273,0.4671562681569186,0.5011967013767767,442,0.051908396946564885,,,insulation | wall | cavity | walls | floor | wall insulation | cavity wall | between | board | brick,insulation | wall | cavity | walls | floor | wall insulation | cavity wall | between | board | brick | damp | loft | plaster | boards | external | concrete | inside | under | internal | exterior,,damp_condensation_moisture (500; 15.3%) | loft_roof_insulation (470; 14.4%) | internal_wall_insulation (459; 14.0%),diy_renovator_homeowner (989; 30.2%) | builder_contractor (931; 28.4%) | training_educational (800; 24.4%),"how_to_installation_demo (1,605; 49.0%) | problem_warning_mistakes (675; 20.6%) | practical_advice_explainer (672; 20.5%)","theme_question_request (1,008; 30.8%) | theme_energy_performance (1,004; 30.7%) | theme_practical_advice (420; 12.8%)",,,,,,,,
16,14,0.296545972723309,1843,0.043422943712744154,0.4854488487581354,0.5126635425206865,319,0.061313076505697235,,,wire | thermostat | wires | boiler | nest | connected | connect | blue | red | need,wire | thermostat | wires | boiler | nest | connected | connect | blue | red | need | white | smart | hive | furnace | honeywell | control | common | old | terminal | blue wire,,"smart_heating_controls (1,409; 76.5%) | heat_pump_heating_retrofit (240; 13.0%) | solar_renewable_integration (83; 4.5%)",installer_tradesperson (858; 46.6%) | diy_renovator_homeowner (491; 26.6%) | training_educational (432; 23.4%),"how_to_installation_demo (1,341; 72.8%) | practical_advice_explainer (327; 17.7%) | problem_warning_mistakes (148; 8.0%)","theme_question_request (1,072; 58.2%) | theme_practical_advice (283; 15.4%) | theme_personal_experience (178; 9.7%)",,,,,,,,
16,15,0.2624345577192847,1600,0.03769761798176378,0.46270676483550366,0.4938205201913722,278,0.045625,,,barrier | vapour | vapour barrier | vapor | vapor barrier | use | moisture | inside | no vapour | joists,barrier | vapour | vapour barrier | vapor | vapor barrier | use | moisture | inside | no vapour | joists | foil | drywall | osb | radiant | between | radiant barrier | plasterboard | no | plastic | steve,,damp_condensation_moisture (412; 25.8%) | loft_roof_insulation (363; 22.7%) | airtightness_draught_proofing (213; 13.3%),builder_contractor (512; 32.0%) | training_educational (479; 29.9%) | diy_renovator_homeowner (353; 22.1%),how_to_installation_demo (644; 40.2%) | practical_advice_explainer (523; 32.7%) | problem_warning_mistakes (303; 18.9%),theme_question_request (654; 40.9%) | theme_damp_moisture_condensation (468; 29.2%) | theme_practical_advice (238; 14.9%),,,,,,,,
16,16,0.1387253940272795,2691,0.06340268124307895,0.4300922694586539,0.4593848809575968,570,0.014864362690449646,,,would | like | would not | would like | work | recommend | what would | how would | why would | love,would | like | would not | would like | work | recommend | what would | how would | why would | love | would recommend | would need | would love | better | would work | think | could | would use | looks | would never,love,heat_pump_heating_retrofit (676; 25.1%) | smart_heating_controls (316; 11.7%) | airtightness_draught_proofing (262; 9.7%),diy_renovator_homeowner (799; 29.7%) | installer_tradesperson (760; 28.2%) | training_educational (693; 25.8%),"how_to_installation_demo (1,426; 53.0%) | practical_advice_explainer (617; 22.9%) | problem_warning_mistakes (419; 15.6%)","theme_question_request (1,261; 46.9%) | theme_practical_advice (396; 14.7%) | theme_energy_performance (230; 8.5%)",,,,,,,,
20,1,0.1649269413531913,1302,0.030676436632660273,0.4264424853416473,0.46948290098950746,455,0.026113671274961597,,,not | did | did not | know | not know | just | sure | not need | does not | want,not | did | did not | know | not know | just | sure | not need | does not | want | not want | need | people | not sure | when | would not | could | think | could not | thing,,heat_pump_heating_retrofit (271; 20.8%) | smart_heating_controls (182; 14.0%) | solar_renewable_integration (175; 13.4%),installer_tradesperson (406; 31.2%) | diy_renovator_homeowner (387; 29.7%) | training_educational (278; 21.4%),how_to_installation_demo (703; 54.0%) | practical_advice_explainer (266; 20.4%) | problem_warning_mistakes (253; 19.4%),theme_practical_advice (487; 37.4%) | theme_question_request (251; 19.3%) | theme_cost_finance (115; 8.8%),,,,,,,,
20,2,0.3690121948606387,1460,0.034399076408359444,0.5022436302591169,0.5277297876613452,206,0.13219178082191782,,,foam | spray | spray foam | cell | foam insulation | closed | closed cell | foam board | expanding | board,foam | spray | spray foam | cell | foam insulation | closed | closed cell | foam board | expanding | board | expanding foam | cell spray | use spray | foam not | attic | cell foam | seal | mortgage | rot | toxic,,loft_roof_insulation (443; 30.3%) | airtightness_draught_proofing (306; 21.0%) | damp_condensation_moisture (252; 17.3%),builder_contractor (709; 48.6%) | diy_renovator_homeowner (316; 21.6%) | installer_tradesperson (237; 16.2%),how_to_installation_demo (632; 43.3%) | problem_warning_mistakes (568; 38.9%) | practical_advice_explainer (133; 9.1%),theme_product_material_tool (524; 35.9%) | theme_question_request (291; 19.9%) | theme_practical_advice (192; 13.2%),,,,,,,,
20,3,-0.1646745234926762,2653,0.06250736281601206,0.5272674728355244,0.5577836713989733,643,0.015077271013946476,,,what | what happens | happens | what brand | know what | what would | using | what kind | what did | brand,what | what happens | happens | what brand | know what | what would | using | what kind | what did | brand | kind | what cost | what size | size | called | cost | know | doing | what type | type,,heat_pump_heating_retrofit (553; 20.8%) | solar_renewable_integration (367; 13.8%) | smart_heating_controls (319; 12.0%),installer_tradesperson (837; 31.5%) | diy_renovator_homeowner (747; 28.2%) | training_educational (628; 23.7%),"how_to_installation_demo (1,486; 56.0%) | practical_advice_explainer (553; 20.8%) | problem_warning_mistakes (414; 15.6%)","theme_question_request (2,007; 75.7%) | theme_practical_advice (139; 5.2%) | theme_energy_performance (111; 4.2%)",,,,,,,,
20,4,0.1020004855753277,2201,0.05185778573616379,0.48876761326299684,0.5264755917786775,622,0.01226715129486597,,,how | how did | cost | did | how does | how long | know | long | how would | know how,how | how did | cost | did | how does | how long | know | long | how would | know how | how cost | how know | video how | how fix | did cost | fix | how install | not how | insulate | how connect,,heat_pump_heating_retrofit (508; 23.1%) | solar_renewable_integration (331; 15.0%) | smart_heating_controls (320; 14.5%),installer_tradesperson (734; 33.3%) | diy_renovator_homeowner (699; 31.8%) | training_educational (457; 20.8%),"how_to_installation_demo (1,314; 59.7%) | practical_advice_explainer (393; 17.9%) | problem_warning_mistakes (313; 14.2%)","theme_question_request (1,624; 73.8%) | theme_practical_advice (149; 6.8%) | theme_cost_finance (114; 5.2%)",,,,,,,,
20,5,0.0831666990203826,1788,0.04212708809462102,0.4066561591084263,0.43942103742745786,484,0.03747203579418344,,,use | not use | tape | did use | just use | just | would use | could use | used | instead,use | not use | tape | did use | just use | just | would use | could use | used | instead | window | should use | rockwool | never use | tool | plastic | what use | could | use foam | better,,heat_pump_heating_retrofit (269; 15.0%) | airtightness_draught_proofing (267; 14.9%) | smart_heating_controls (232; 13.0%),diy_renovator_homeowner (558; 31.2%) | installer_tradesperson (475; 26.6%) | builder_contractor (423; 23.7%),"how_to_installation_demo (1,086; 60.7%) | practical_advice_explainer (300; 16.8%) | problem_warning_mistakes (274; 15.3%)",theme_question_request (706; 39.5%) | theme_practical_advice (309; 17.3%) | theme_product_material_tool (291; 16.3%),,,,,,,,
20,6,0.2062807007457136,3428,0.0807671465259289,0.4388519162989444,0.4770127800915664,568,0.01808634772462077,,,video | great | great video | thanks | thank | video thanks | hi | thanks video | videos | question,video | great | great video | thanks | thank | video thanks | hi | thanks video | videos | question | informative | thanks great | job | video what | helpful | nice | excellent | really | sharing | good,great | thank | thanks | video | videos,heat_pump_heating_retrofit (719; 21.0%) | smart_heating_controls (715; 20.9%) | airtightness_draught_proofing (376; 11.0%),"diy_renovator_homeowner (1,155; 33.7%) | installer_tradesperson (939; 27.4%) | training_educational (857; 25.0%)","how_to_installation_demo (1,931; 56.3%) | practical_advice_explainer (649; 18.9%) | problem_warning_mistakes (581; 16.9%)","theme_question_request (1,501; 43.8%) | theme_practical_advice (535; 15.6%) | theme_personal_experience (331; 9.7%)",,,,,,,,
20,7,0.039973654393217,1457,0.03432839337464364,0.47191213746256083,0.49985892219425787,484,0.028140013726835965,,,why | why not | why would | why did | not just | just | why does | instead | illegal | know why,why | why not | why would | why did | not just | just | why does | instead | illegal | know why | why no | not use | why use | understand why | not | reason why | question why | understand | explain | question,,heat_pump_heating_retrofit (303; 20.8%) | solar_renewable_integration (222; 15.2%) | smart_heating_controls (186; 12.8%),installer_tradesperson (515; 35.3%) | diy_renovator_homeowner (379; 26.0%) | training_educational (346; 23.7%),how_to_installation_demo (827; 56.8%) | practical_advice_explainer (332; 22.8%) | problem_warning_mistakes (211; 14.5%),"theme_question_request (1,146; 78.7%) | theme_practical_advice (116; 8.0%) | theme_energy_performance (60; 4.1%)",,,,,,,,
20,8,0.3122726669809401,1643,0.03871074146502368,0.398800513965735,0.4313786561423532,253,0.07242848447961046,,,heat | pump | heat pump | pumps | heat pumps | gas | furnace | air | electric | loss,heat | pump | heat pump | pumps | heat pumps | gas | furnace | air | electric | loss | heat loss | unit | cost | source | source heat | electricity | run | gas furnace | expensive | gas boiler,,"heat_pump_heating_retrofit (1,350; 82.2%) | smart_heating_controls (71; 4.3%) | solar_renewable_integration (43; 2.6%)",installer_tradesperson (707; 43.0%) | training_educational (480; 29.2%) | diy_renovator_homeowner (295; 18.0%),practical_advice_explainer (766; 46.6%) | how_to_installation_demo (711; 43.3%) | project_walkthrough (85; 5.2%),theme_question_request (609; 37.1%) | theme_practical_advice (282; 17.2%) | theme_cost_finance (248; 15.1%),,,,,,,,
20,9,0.1126170779129513,1643,0.03871074146502368,0.4198077356600535,0.44912317107845035,522,0.01278149726110773,,,does | does not | work | how does | does work | not work | mean | what does | matter | not,does | does not | work | how does | does work | not work | mean | what does | matter | not | does cost | why does | does mean | where does | does know | does need | does matter | does heat | foam does | window,,smart_heating_controls (350; 21.3%) | heat_pump_heating_retrofit (331; 20.1%) | airtightness_draught_proofing (174; 10.6%),installer_tradesperson (561; 34.1%) | diy_renovator_homeowner (473; 28.8%) | training_educational (362; 22.0%),how_to_installation_demo (955; 58.1%) | practical_advice_explainer (340; 20.7%) | problem_warning_mistakes (255; 15.5%),theme_question_request (987; 60.1%) | theme_practical_advice (161; 9.8%) | theme_energy_performance (111; 6.8%),,,,,,,,
20,10,-0.0719129980320281,1202,0.02832033550880004,0.43336922416376134,0.49668967654015006,457,0.018302828618968387,,,where | buy | where did | where buy | did | where does | live | know where | link | located,where | buy | where did | where buy | did | where does | live | know where | link | located | where live | video where | based | where would | tool | where not | uk | door | goes | purchase,,heat_pump_heating_retrofit (241; 20.0%) | airtightness_draught_proofing (147; 12.2%) | solar_renewable_integration (138; 11.5%),diy_renovator_homeowner (385; 32.0%) | installer_tradesperson (359; 29.9%) | training_educational (257; 21.4%),how_to_installation_demo (713; 59.3%) | practical_advice_explainer (243; 20.2%) | problem_warning_mistakes (181; 15.1%),theme_question_request (765; 63.6%) | theme_practical_advice (98; 8.2%) | theme_energy_performance (79; 6.6%),,,,,,,,
20,11,0.3441331814724633,2335,0.05501496124213651,0.42910484578656233,0.4714759982977331,333,0.04068522483940043,,,solar | panels | battery | solar panels | power | panel | cost | batteries | inverter | grid,solar | panels | battery | solar panels | power | panel | cost | batteries | inverter | grid | energy | charge | more | solar panel | electric | kwh | electricity | need | day | price,,"solar_renewable_integration (1,633; 69.9%) | heat_pump_heating_retrofit (300; 12.8%) | smart_heating_controls (160; 6.9%)",training_educational (876; 37.5%) | installer_tradesperson (722; 30.9%) | diy_renovator_homeowner (650; 27.8%),"how_to_installation_demo (1,105; 47.3%) | practical_advice_explainer (732; 31.3%) | project_walkthrough (293; 12.5%)",theme_question_request (788; 33.7%) | theme_cost_finance (635; 27.2%) | theme_practical_advice (359; 15.4%),,,,,,,,
20,12,0.2831162092668909,3599,0.08479607944772989,0.4044338641851016,0.43760411001837884,459,0.041956098916365654,,,roof | air | vents | attic | cold | vent | warm | ridge | ventilation | soffit,roof | air | vents | attic | cold | vent | warm | ridge | ventilation | soffit | gap | space | warm roof | ceiling | fan | through | condensation | between | cold air | flat,,loft_roof_insulation (998; 27.7%) | ventilation_mvhr (744; 20.7%) | damp_condensation_moisture (657; 18.3%),"builder_contractor (1,012; 28.1%) | diy_renovator_homeowner (946; 26.3%) | installer_tradesperson (854; 23.7%)","how_to_installation_demo (1,345; 37.4%) | practical_advice_explainer (1,209; 33.6%) | problem_warning_mistakes (861; 23.9%)","theme_question_request (1,215; 33.8%) | theme_practical_advice (647; 18.0%) | theme_energy_performance (624; 17.3%)",,,,,,,,
20,13,0.259789622993454,2436,0.05739462337723535,0.4179853044509397,0.4611913742874208,394,0.05213464696223317,,,insulation | wall | cavity | floor | wall insulation | walls | cavity wall | between | board | loft,insulation | wall | cavity | floor | wall insulation | walls | cavity wall | between | board | loft | brick | boards | should | under | concrete | external | gap | no insulation | plaster | no,,loft_roof_insulation (414; 17.0%) | damp_condensation_moisture (322; 13.2%) | internal_wall_insulation (317; 13.0%),diy_renovator_homeowner (716; 29.4%) | builder_contractor (688; 28.2%) | training_educational (589; 24.2%),"how_to_installation_demo (1,213; 49.8%) | problem_warning_mistakes (511; 21.0%) | practical_advice_explainer (486; 20.0%)",theme_energy_performance (860; 35.3%) | theme_question_request (746; 30.6%) | theme_practical_advice (280; 11.5%),,,,,,,,
20,14,0.3879607326127356,1486,0.035011662700563106,0.45944886262514384,0.48864825142020707,261,0.07537012113055182,,,wire | thermostat | wires | nest | blue | red | connected | connect | white | furnace,wire | thermostat | wires | nest | blue | red | connected | connect | white | furnace | need | old | smart | boiler | honeywell | no | common | blue wire | terminal | ac,,"smart_heating_controls (1,153; 77.6%) | heat_pump_heating_retrofit (148; 10.0%) | solar_renewable_integration (95; 6.4%)",installer_tradesperson (656; 44.1%) | diy_renovator_homeowner (439; 29.5%) | training_educational (337; 22.7%),"how_to_installation_demo (1,120; 75.4%) | practical_advice_explainer (243; 16.4%) | problem_warning_mistakes (100; 6.7%)",theme_question_request (917; 61.7%) | theme_practical_advice (199; 13.4%) | theme_personal_experience (151; 10.2%),,,,,,,,
20,15,0.2744868984727176,1359,0.03201941427326061,0.44179601618977826,0.4768004270687261,222,0.05003679175864607,,,barrier | vapour | vapour barrier | vapor | vapor barrier | moisture | inside | no vapour | no | joists,barrier | vapour | vapour barrier | vapor | vapor barrier | moisture | inside | no vapour | no | joists | drywall | radiant | between | radiant barrier | foil | osb | concrete | plasterboard | exterior | walls,,damp_condensation_moisture (380; 28.0%) | loft_roof_insulation (326; 24.0%) | airtightness_draught_proofing (165; 12.1%),builder_contractor (438; 32.2%) | training_educational (431; 31.7%) | diy_renovator_homeowner (275; 20.2%),how_to_installation_demo (489; 36.0%) | practical_advice_explainer (487; 35.8%) | problem_warning_mistakes (273; 20.1%),theme_question_request (572; 42.1%) | theme_damp_moisture_condensation (450; 33.1%) | theme_practical_advice (181; 13.3%),,,,,,,,
20,16,0.1630847554486049,2180,0.051363004500153145,0.3820364586317335,0.40784692868739986,525,0.016972477064220184,,,would | would not | recommend | work | why would | what would | how would | would recommend | love | would need,would | would not | recommend | work | why would | what would | how would | would recommend | love | would need | would like | would love | think | better | would work | could | would use | say | would never | would better,love,heat_pump_heating_retrofit (531; 24.4%) | solar_renewable_integration (268; 12.3%) | smart_heating_controls (211; 9.7%),diy_renovator_homeowner (653; 30.0%) | installer_tradesperson (600; 27.5%) | training_educational (592; 27.2%),"how_to_installation_demo (1,147; 52.6%) | practical_advice_explainer (510; 23.4%) | problem_warning_mistakes (328; 15.0%)","theme_question_request (1,096; 50.3%) | theme_practical_advice (245; 11.2%) | theme_cost_finance (193; 8.9%)",,,,,,,,
20,17,0.1282301010440441,1361,0.032066536295737816,0.48422365399570505,0.525331909369851,418,0.036737692872887584,,,never | seen | never seen | never knew | knew | thank | heard | never heard | years | would never,never | seen | never seen | never knew | knew | thank | heard | never heard | years | would never | before | never use | way | work | years never | people | never thought | thought | seen before | lol,thank,heat_pump_heating_retrofit (252; 18.5%) | airtightness_draught_proofing (199; 14.6%) | smart_heating_controls (170; 12.5%),installer_tradesperson (394; 28.9%) | diy_renovator_homeowner (332; 24.4%) | training_educational (331; 24.3%),how_to_installation_demo (695; 51.1%) | problem_warning_mistakes (324; 23.8%) | practical_advice_explainer (255; 18.7%),"theme_practical_advice (1,115; 81.9%) | theme_question_request (171; 12.6%) | theme_trust_credibility_quality (16; 1.2%)",,,,,,,,
20,18,0.2873768070484747,3730,0.0878825719199868,0.4007587161385302,0.4374523288562403,489,0.05120643431635389,,,heating | water | boiler | hot | temperature | room | hot water | when | radiators | radiator,heating | water | boiler | hot | temperature | room | hot water | when | radiators | radiator | set | flow | turn | temp | cold | gas | valve | more | underfloor | day,,"heat_pump_heating_retrofit (1,913; 51.3%) | smart_heating_controls (987; 26.5%) | airtightness_draught_proofing (127; 3.4%)","training_educational (1,371; 36.8%) | installer_tradesperson (1,275; 34.2%) | diy_renovator_homeowner (883; 23.7%)","how_to_installation_demo (1,612; 43.2%) | practical_advice_explainer (1,510; 40.5%) | problem_warning_mistakes (390; 10.5%)","theme_question_request (1,470; 39.4%) | theme_practical_advice (612; 16.4%) | theme_energy_performance (517; 13.9%)",,,,,,,,
20,19,0.1420785601890333,2143,0.05049124708432486,0.36614257718350735,0.4086191912548239,528,0.02006532897806813,,,like | looks | looks like | good | just | job | would like | more | look | really,like | looks | looks like | good | just | job | would like | more | look | really | product | stuff | not like | tape | people | idea | look like | nice | way | make,good,heat_pump_heating_retrofit (482; 22.5%) | airtightness_draught_proofing (271; 12.6%) | solar_renewable_integration (230; 10.7%),diy_renovator_homeowner (643; 30.0%) | installer_tradesperson (599; 28.0%) | training_educational (482; 22.5%),"how_to_installation_demo (1,205; 56.2%) | practical_advice_explainer (413; 19.3%) | problem_warning_mistakes (367; 17.1%)",theme_question_request (607; 28.3%) | theme_practical_advice (340; 15.9%) | theme_cost_finance (225; 10.5%),,,,,,,,
20,20,0.1863141277126132,3037,0.07155479113163538,0.36796169973042314,0.41720728500965487,526,0.038854132367467896,,,house | old | years | damp | no | walls | windows | built | new | year,house | old | years | damp | no | walls | windows | built | new | year | ago | old house | problem | live | years ago | houses | winter | humidity | when | build,,damp_condensation_moisture (662; 21.8%) | airtightness_draught_proofing (514; 16.9%) | heat_pump_heating_retrofit (429; 14.1%),"diy_renovator_homeowner (1,044; 34.4%) | training_educational (871; 28.7%) | builder_contractor (620; 20.4%)","how_to_installation_demo (1,293; 42.6%) | practical_advice_explainer (863; 28.4%) | problem_warning_mistakes (580; 19.1%)",theme_question_request (680; 22.4%) | theme_personal_experience (536; 17.6%) | theme_damp_moisture_condensation (506; 16.7%),,,,,,,,
