topic_number,representative_rank,topic_weight,relative_topic_loading,video_id,comment_id,comment_text,retrofit_topic,creator_type,video_type,primary_theme
1,1,0.11999952616086276,0.9696669724205289,yO8U_3mgbK8,UgzJi4f7u0HywpbrYKR4AaABAg,Is that all? Not much on video.,solar_renewable_integration,installer_tradesperson,how_to_installation_demo,theme_question_request
1,2,0.11999952616086276,0.9696669724205289,kwVleBvWH64,Ugwf2E-xTzn2NPKSE9B4AaABAg,Fire or not,ventilation_mvhr,builder_contractor,how_to_installation_demo,theme_safety_risk_warning
1,3,0.11999952616086276,0.9696669724205289,FXXgjvOJcYI,UgxKnQ6BWW4LleMUhh14AaABAg,I don't undertand.,airtightness_draught_proofing,training_educational,practical_advice_explainer,theme_practical_advice
1,4,0.11999952616086276,0.9696669724205289,H51FYrDR5xs,UgzvA4lqcqrhpH69mkF4AaABAg,Don't give up,damp_condensation_moisture,diy_renovator_homeowner,project_walkthrough,theme_practical_advice
1,5,0.11999952616086276,0.9696669724205289,pvUA6iFJKy8,Ugx0m3fprRWNNSLzA8J4AaABAg,Don't do it,damp_condensation_moisture,diy_renovator_homeowner,how_to_installation_demo,theme_practical_advice
1,6,0.11999952616086276,0.9696669724205289,bKTsLHSS7i4,UgycH5xlYvdPoVmODsx4AaABAg,Don't do it.,heat_pump_heating_retrofit,diy_renovator_homeowner,problem_warning_mistakes,theme_practical_advice
1,7,0.11999952616086276,0.9696669724205289,I7GD0MB8SzY,Ugw4Op9DpB6qYC0gKR54AaABAg,£525 ... not £325!,floor_insulation,diy_renovator_homeowner,how_to_installation_demo,theme_cost_finance
1,8,0.0547678407233953,1.0,5ScJj0YlUAM,UgzlFo2SAxme1Jnuqtt4AaABAg,So is it 10 or 15mm? I don’t like that 5mm tolerance 😂,loft_roof_insulation,installer_tradesperson,practical_advice_explainer,theme_question_request
2,1,0.2228113400712268,1.0,9OFpzKn0cq4,UgxWncWZz4ymf4GMPll4AaABAg,😂 spray foam bandit struck again!,loft_roof_insulation,diy_renovator_homeowner,problem_warning_mistakes,theme_product_material_tool
2,2,0.2228113400712268,1.0,C5lPpLUw-Ts,UgxB5hdL70bOwrRX3cV4AaABAg,SPRAY FOAM! 😉🤣,external_wall_insulation,diy_renovator_homeowner,how_to_installation_demo,theme_product_material_tool
2,3,0.2228113400712268,1.0,tUWJTF9nyaQ,UgxtCcp6ToRsN4-kzzF4AaABAg,SPRAY FOAM IS A RIPOFF!,loft_roof_insulation,builder_contractor,problem_warning_mistakes,theme_product_material_tool
2,4,0.20291788632515234,1.0,5ScJj0YlUAM,UgwSfM5zgyKhjzB0CVZ4AaABAg,Spray foam man. SPRAY FOAM!!,loft_roof_insulation,installer_tradesperson,practical_advice_explainer,theme_product_material_tool
2,5,0.19925355781892148,0.9807920964805202,_RQ9S1u7ag4,UgxN6dpbyQdfHRNkTvZ4AaABAg,Time for closecell spray foam,airtightness_draught_proofing,diy_renovator_homeowner,how_to_installation_demo,theme_product_material_tool
2,6,0.19454372435637232,0.9970391734814763,tUWJTF9nyaQ,UgwbOF_qfUV7Yoap6UJ4AaABAg,"Spray foam, got it.",loft_roof_insulation,builder_contractor,problem_warning_mistakes,theme_product_material_tool
2,7,0.18638273586958237,0.9921696141834074,Genu_Plnp2M,UgwHMTSiKmcIANPqAz54AaABAg,i thought spray foam was hazardeous?,airtightness_draught_proofing,installer_tradesperson,how_to_installation_demo,theme_product_material_tool
2,8,0.1695062700690718,1.0,AADAMH0TRQU,Ugz53GrW4sOGctMr6Cp4AaABAg,I hate spray foam.,loft_roof_insulation,training_educational,how_to_installation_demo,theme_product_material_tool
3,1,0.2747753750413693,1.0,ibHeGgsRMkE,UgzrSwXH_bWzQ79MRZp4AaABAg,Soooooooooooooooooooooooooooooooooooooooooooooooooooooooooooooooooooooooooooooooooooooooooooooooooooooooooooooooooooooooooooooooooooooooooooooooooooooooooooooooooooooooooooooooooooooooooooooooooooooooooooooooooooooooooooooooooooooooooooooooooooooooooooooooooooooooooooooooooooooooooooooooooooooooooooooooooooooooooooooooooooooooooooooooooooooooooooooooooooooooooooooooooooooooooooooooooooooooooooooooooooooooooooooooooooooooooooooooooooooooooooooooooooooooooooooooooooooooooooooooooooooooooooooooooooooooooooooooooooooooooooooooooooooooooooooooooooooooooooooooooooooooooooooooooooooooooooooooooooooooooooooooooooooooooooooooooooooooooooooooooooooooooooooooooooooooooooooooooooooooooooooooooooooooooooooooooooooooooooooooooooooooooooooooooooooooooooooooooooooooooooooooooooooooooooooooooooooooo what do I do? 🤣,damp_condensation_moisture,diy_renovator_homeowner,problem_warning_mistakes,theme_question_request
3,2,0.2747753750413693,1.0,MzSCf_LkyNw,UgygAw6h-iNJ4w8Zo8l4AaABAg,And then what? 🧐🤨,loft_roof_insulation,installer_tradesperson,how_to_installation_demo,theme_question_request
3,3,0.2747753750413693,1.0,MzSCf_LkyNw,Ugzd6fNkwW1vg3wwyB14AaABAg,Now what ?,loft_roof_insulation,installer_tradesperson,how_to_installation_demo,theme_question_request
3,4,0.2747753750413693,1.0,BqflmLgXTzQ,UgwALwxd64ZjszZoE4V4AaABAg,What is this for?,ventilation_mvhr,diy_renovator_homeowner,how_to_installation_demo,theme_question_request
3,5,0.2747753750413693,1.0,OWALq8C5Wkg,UgyXKweO6Gil5bqGWB94AaABAg,what is this?,smart_heating_controls,installer_tradesperson,how_to_installation_demo,theme_question_request
3,6,0.2747753750413693,1.0,5O6rHbUJRrM,UgwkmIjyJAo7KEnBIrJ4AaABAg,What is this about?,smart_heating_controls,diy_renovator_homeowner,how_to_installation_demo,theme_question_request
3,7,0.2747753750413693,1.0,KIbJ6CBhWoI,UgwRhpYRfKBJ0dQm5sB4AaABAg,What about the molds?,windows_doors_glazing,diy_renovator_homeowner,how_to_installation_demo,theme_question_request
3,8,0.2747753750413693,1.0,J0e6fuIiuic,Ugy8Aj5z8hnwfwd3Lp14AaABAg,What is this?,heat_pump_heating_retrofit,installer_tradesperson,how_to_installation_demo,theme_question_request
4,1,0.2731250589541915,1.0,bOkQEFi55oU,Ugz6VBVdlq6dnjLnRrx4AaABAg,How much was all of this? Thank you,solar_renewable_integration,installer_tradesperson,project_walkthrough,theme_question_request
4,2,0.2731250589541915,1.0,RlQjU6gQcFU,UgzOc6u9y_EY2bD40Zl4AaABAg,"So, that's how it done...? 😱",external_wall_insulation,installer_tradesperson,how_to_installation_demo,theme_question_request
4,3,0.2731250589541915,1.0,MzSCf_LkyNw,Ugyb_WwCUCve7N2GIQl4AaABAg,How is he a gangster in paradise?,loft_roof_insulation,installer_tradesperson,how_to_installation_demo,theme_question_request
4,4,0.2731250589541915,1.0,OZvrTuhJhXs,UgxwMe8fM_kjc4FPaEh4AaABAg,How can I all the videos you have?,solar_renewable_integration,training_educational,how_to_installation_demo,theme_question_request
4,5,0.2731250589541915,1.0,hqFU3zjv-fs,Ugz1XqgYbjDVvLOiiLB4AaABAg,How much is it?,loft_roof_insulation,installer_tradesperson,problem_warning_mistakes,theme_question_request
4,6,0.2731250589541915,1.0,EY77sPyVM2c,UgzMcMysyImMD4RYOq94AaABAg,How much is the PF?,heat_pump_heating_retrofit,installer_tradesperson,how_to_installation_demo,theme_question_request
4,7,0.2731250589541915,1.0,P6rA-E-HmQ0,UgwCHor35FidVlGrelR4AaABAg,how much all???,solar_renewable_integration,installer_tradesperson,how_to_installation_demo,theme_question_request
4,8,0.2731250589541915,1.0,ukgh7mrTd-Y,UgzWJu9O8P_JiNCc10B4AaABAg,How much is this?,solar_renewable_integration,installer_tradesperson,how_to_installation_demo,theme_question_request
5,1,0.10620431846786284,1.0,YhGoeR4Q4tM,UgwZttjW9va6kBQ2_0d4AaABAg,can you do our house please?,loft_roof_insulation,diy_renovator_homeowner,how_to_installation_demo,theme_question_request
5,2,0.10620431846786284,1.0,OKuaURXqQ0E,UgwReZewjkvadJIbke14AaABAg,Is that my house?,airtightness_draught_proofing,builder_contractor,how_to_installation_demo,theme_question_request
5,3,0.10620431846786284,1.0,tUWJTF9nyaQ,UgyLq3BaZmEloyk-HLp4AaABAg,I have in my house is awesome,loft_roof_insulation,builder_contractor,problem_warning_mistakes,theme_personal_experience
5,4,0.10620431846786284,1.0,tUWJTF9nyaQ,Ugx2GeQyv1bg8RBflNB4AaABAg,I have it at my house and it’s divine,loft_roof_insulation,builder_contractor,problem_warning_mistakes,theme_personal_experience
5,5,0.10620431846786284,1.0,jYNufQVIFfA,Ugy-_4queRzKwpWlR5V4AaABAg,I do everything myself on my house 🏘️,damp_condensation_moisture,builder_contractor,problem_warning_mistakes,theme_personal_experience
5,6,0.07414717162779072,0.5028546270294831,KxHcu7JvZwk,UgzlZUUnQ4VILCILA_Z4AaABAg,"I think you should retire Roger, your so wrong about leaving your heating on 24/7 will cost more. The biggest problem in this industry, nobody wants to spend time learning what manufactures have, they all want to fit the same boiler like sheep to the slaughter. They still fit a boiler and leave the old room stat in. I done that some 40 odd years back, installers need to update, things have changed. A condensing boiler with weather compensation installed correctly and to energy efficiency standards plus the system power flushed and a high recovery cylinder will save money and can be run all day compared to a cast iron boiler with dirty system and old cylinder with red jacket sort of fitted. I have plenty of customers who say they are saving 30 to 40% over these old dinosaur systems, it allows them to run there's all day, plus comfort is so much better when the radiators are holding a set water temperature. I have lived in my home for over 20 years, when I brought it I installed a condensing boiler, two zone control heating & hot water cylinder, pump, radiators, thermostatic valves and new heating carcass, all to the energy efficiency standards, that system lasted 14 years and from year one cost me around £750.00 a year. In the last two years it was costing £1200.00. I then threw the lot out after I built a ground floor extension and fitted underfloor heating downstairs throughout and low water temperature radiators upstairs, plus an unvented hot water cylinder. The underfloor heating is covered in Anhydrite liquid floor screed at between 40 to 45 mm making heat up times around two hours, much quicker than conventional floor screeds. The key to this system is how the system is controlled. I fitted a Glowworm system boiler and Glowworm weather compensation, Vaillant did not have this setup even though they own Glowworm. Yes I have been fitting Glowworm boiler with weather comp for the last 13 years, plus some Vaillant single heat zone W/Comp systems, I fit some Worcester boilers but they don't have multi zone weather comp via wireless controls. My System. The underfloor heating has no PUMP or MIXING SET. The ground floor and first floor Glowworm room stats and outside sensor via a Glowworm Systempro3 control how hot the water gets to heat with the boilers software, the main controller, a Glowworm Systempro3 allows you to set the lower and upper limit to the flow temperature, I have the flow at 46 max and the lower limit at 25. At these settings the boiler works 24/7 in condensing mode and mostly at below 40 degs, the low water temperature radiators use the same water temperature as the underfloor heating, these radiators have cylindrical fans built into them so for the same size as a conventional rad they give the same output even though the water temp is very low, this allows the boiler to work in max condensing mode to heat the 1st floor. Now your wondering how I heat my hot water. The Cylinder is a 210 litre unvented duel coil cylinder with a pocket file, its fed via 28mm copper primary's that divide into 22mm for each coil in the cylinder. Glowworms weather compensation systems are hot water priority, when the sensor in the pocket file registers the hot water has dropped to 54 degs the boiler switches over to hot water demand only and works flat out ( set to 72 degs) to recover the cylinder, even if the shower is being run by one of my daughters (that's 30min shower at least) the cylinder will recover faster than they can use the hot water and so within 20 minuets will be back to around 60 degs, once there it leaves that zone valve open for two minutes as the by-pass before switching back to the heating, any zone valve is controlled to allow for the two minute overrun. upstairs is set to 20 and set back to 18.5. one other factor with weather comp and hot water priority you only need a boiler as big as the maximum demand, if that's 12kw for hot water and 9 kw heating you fit a 12 kw.",heat_pump_heating_retrofit,training_educational,practical_advice_explainer,theme_practical_advice
5,7,0.06921142928470174,0.8881266183542333,HkHozg0ckWY,Ugyz-FPf1u8nHKvTG1V4AaABAg,"I live in a big old house, no central heating, (gas fire in the living room) not even fully double glazed, my bathroom windows ice up on the inside in the freezing weather. I have a dehumidifier for the damp because my single glazed windows run with condensation which I have to wipe and dry every day. I use hot water bottles, blankets and thick socks. It’s sometimes miserably cold, I’ve got a convection heater I put on in my bedroom when I’m desperate, but I just find it hilarious that people these days think they can’t survive without central heating. We’ve become a nation of namby pambys",general_energy_retrofit,diy_renovator_homeowner,practical_advice_explainer,theme_damp_moisture_condensation
5,8,0.06675024411745288,0.5451050070086468,KxHcu7JvZwk,UgwZwamlDC5X-IigZLZ4AaABAg,"I tested this theory- At one point in the past, I lived in a draughty 120 year old 2 up 2 down terraced house with part double glazing, slate roof, draughty loft with a couple of layers of loft insulation/ boards etc I had gas central heating, which just about coped in winter, I tried 2 experiments over a week. 1. Heating timed to come on for an hour in the morning, then off all day, had good day time heat if the sun was heating through the windows. Mostly it wasn't! Then the heating came on for a couple of hours in the evening. Then off the rest of the night. 2. Manually put the heating on first thing in the morning and have it on all day and evening, turn it off before bedtime. What I found was the heating used the most gas getting the house up to temperature from cold. Leaving it on all day used slightly more gas but the benefit was a cosy warm house all day. So in the week when we were at work the house was empty so we had the heating on in the morning, off all day then back on in the evening. At weekends we left it running all day. That seemed to be a good compromise that worked for us. Turning it off during the day at weekends didn't actually save that much money. Because the heating is just ticking over cutting in every so often, it's easier for the boiler to maintain a steady temp rather than having to heat up a house from cold. I had a lot of thermal loses in that house to be fair, in the end I cut my loses and got a more modern, thermally efficient house.",heat_pump_heating_retrofit,training_educational,practical_advice_explainer,theme_personal_experience
6,1,0.2534743539477011,1.0,fK7xyDSxa0I,UgxxJsugpvJjguyChw94AaABAg,Why only 70 ?,smart_heating_controls,installer_tradesperson,practical_advice_explainer,theme_question_request
6,2,0.2534743539477011,1.0,xc_BbbMi1cg,UgyWpt6yP-b24FRX8E14AaABAg,why all the curses?,heat_pump_heating_retrofit,diy_renovator_homeowner,practical_advice_explainer,theme_question_request
6,3,0.2534743539477011,1.0,hjlVL4sgqKw,UgwKQKhdT-Cjp1e8fAV4AaABAg,boring! why video?,heat_pump_heating_retrofit,training_educational,practical_advice_explainer,theme_question_request
6,4,0.2534743539477011,1.0,5t9PwXUV3SA,Ugxzk1Jco9ZeRdgKFeJ4AaABAg,Why the blurring?,heat_pump_heating_retrofit,installer_tradesperson,how_to_installation_demo,theme_question_request
6,5,0.22633837292589962,0.834952577342557,GZAce6iz2gg,Ugz9lgNYahQVKq1u3Ed4AaABAg,why brazing and not stabrite8??,heat_pump_heating_retrofit,installer_tradesperson,how_to_installation_demo,theme_question_request
6,6,0.2229739126958603,0.9271613817852803,xcAwujfTN64,Ugy0GVd7YA0P_q9aqkx4AaABAg,Why install from top to bottom? Why not bottom to top????,solar_renewable_integration,installer_tradesperson,how_to_installation_demo,theme_question_request
6,7,0.19606787218263655,0.6135951087807955,dIPM5yk2u38,Ugz2OCm1uBHmEzfgj594AaABAg,why the cone off insulation,airtightness_draught_proofing,installer_tradesperson,how_to_installation_demo,theme_energy_performance
6,8,0.18541973274574494,0.8263765918208701,GhAKMAcmJFg,UgyO8b5aQVaog0ElQrt4AaABAg,why aren't you boris's heating tzar yet?,heat_pump_heating_retrofit,builder_contractor,practical_advice_explainer,theme_question_request
7,1,0.20228247285213827,1.0,0oDLwBZurp8,UgwLXXm1LLIQhvcfiGF4AaABAg,Do you have a video on the heat pump?,whole_house_deep_retrofit,builder_contractor,project_walkthrough,theme_question_request
7,2,0.20228247285213827,1.0,jKiXJOX4ol8,UgxwhEvjXdkzouWG22l4AaABAg,Do you also have a heat pump?,solar_renewable_integration,installer_tradesperson,how_to_installation_demo,theme_question_request
7,3,0.18124345933673408,0.9698669193411291,fh_KDoj2Qm8,UgyYhjQHQxQiclZiGD14AaABAg,"Heat pump At 50c! , you need to rethink that one.",heat_pump_heating_retrofit,training_educational,how_to_installation_demo,theme_practical_advice
7,4,0.16181004853175399,0.7303343131979555,QLGANlbqIFY,UgyHPCFH1wQ5Y9osiXN4AaABAg,There seem to be two heat pumps out the front. What is the second heat pump for?,heat_pump_heating_retrofit,training_educational,project_walkthrough,theme_question_request
7,5,0.14489630235354506,1.0,xOUBlKTynes,UgzokSIQDFqfOrCzZTh4AaABAg,Get a quote for a heat pump: https://tech.referrals.octopus.energy/uOYXOG2p,heat_pump_heating_retrofit,installer_tradesperson,how_to_installation_demo,theme_cost_finance
7,6,0.13724415957358144,0.8429401660356276,qmWRN3Ob1Po,UgzKJJAHgWprZndih1x4AaABAg,I don't have the funds for this heat pump solution or do I have the space.,heat_pump_heating_retrofit,training_educational,how_to_installation_demo,theme_practical_advice
7,7,0.13254814500291998,0.624534517413903,lpRNEcK3fGA,Ugwh4X9U_q8zY2bjC_l4AaABAg,How noisy is your heat pump?,heat_pump_heating_retrofit,installer_tradesperson,how_to_installation_demo,theme_question_request
7,8,0.13183107378419218,0.9916653537423652,0oDLwBZurp8,UgzBS1s0mT8OG-pJbGd4AaABAg,Are you showing the installation of the heat pump?,whole_house_deep_retrofit,builder_contractor,project_walkthrough,theme_question_request
8,1,0.2217453494583013,0.8948762250612032,GZAce6iz2gg,UgxeG2WIRsiQPT4fX0l4AaABAg,this video doesn't work,heat_pump_heating_retrofit,installer_tradesperson,how_to_installation_demo,theme_skepticism_critique
8,2,0.2217453494583013,0.8948762250612032,U-hVUczzlL4,UgwQN_WLDXlT3g4YY8l4AaABAg,"So, it doesn’t work.",ventilation_mvhr,diy_renovator_homeowner,how_to_installation_demo,theme_skepticism_critique
8,3,0.1946322985596142,0.981443436923118,ABjqoJ0eXYo,UgyYVcOMgpmx6jnLvuV4AaABAg,Does this work for a 830?,smart_heating_controls,training_educational,how_to_installation_demo,theme_question_request
8,4,0.1946322985596142,0.981443436923118,ZMp5ofZpPWo,UgyCaHxEmzr8tf0v-dh4AaABAg,Does it work??,airtightness_draught_proofing,diy_renovator_homeowner,practical_advice_explainer,theme_question_request
8,5,0.18988778203905088,0.8905863677754904,NoEnHZ8OyCM,Ugyb8hR6FCYARmZt_Pt4AaABAg,Don’t fck with me. Does this work?,smart_heating_controls,installer_tradesperson,problem_warning_mistakes,theme_question_request
8,6,0.17999148070957255,0.6759531509753607,AXamAjE0juw,UgzvmUmgJPL2aLEgyE14AaABAg,How does it work in wintertime with -10C. ?,heat_pump_heating_retrofit,installer_tradesperson,how_to_installation_demo,theme_question_request
8,7,0.17344497527395722,0.8778290047933912,Oz8WcD385cY,UgynE4pLLFZTk9oKPwl4AaABAg,That cheap plastic doesn't work.,airtightness_draught_proofing,diy_renovator_homeowner,problem_warning_mistakes,theme_cost_finance
8,8,0.1705210577777074,0.938812445606298,QWkP4P7lUMA,Ugyq8h0YLUqbQFSzTbp4AaABAg,"Great video, thanks. ? does this work on windows as well?",airtightness_draught_proofing,training_educational,problem_warning_mistakes,theme_question_request
9,1,0.24908003282850613,1.0,IH7pXvIhHHE,UgyBoVn2fnYv3_-h9Gd4AaABAg,"I get it, but did you have to crumble it on yourself 😆 🤣",damp_condensation_moisture,diy_renovator_homeowner,problem_warning_mistakes,theme_practical_advice
9,2,0.24908003282850613,1.0,o93IFuUkPhs,UgxKfjiuAzUDc3Ff6n54AaABAg,"Also, did you have to readjust the tensioner?",airtightness_draught_proofing,diy_renovator_homeowner,how_to_installation_demo,theme_practical_advice
9,3,0.24908003282850613,1.0,qNQafR_5ALk,Ugx2TTTnlei_qCdzsnd4AaABAg,I did that.,damp_condensation_moisture,builder_contractor,problem_warning_mistakes,theme_personal_experience
9,4,0.1600753836841284,0.8701562782595257,2Apa2WcG9z0,UgxiKMF26yySUQSWTol4AaABAg,"Hi, did you do earthing with it? Thanks!",solar_renewable_integration,diy_renovator_homeowner,how_to_installation_demo,theme_question_request
9,5,0.13800166513272585,0.7162569056444557,K_GmdyM8WVQ,UgxP9eaELKGnsJVhB5R4AaABAg,I did this and it didn't work,smart_heating_controls,installer_tradesperson,how_to_installation_demo,theme_personal_experience
9,6,0.1364411851498319,0.6314936086492825,YsVCTGRR7fc,Ugw9yp-_LnPZFXZOclh4AaABAg,You didn't show the slant ceiling area. How did you insulate that?,loft_roof_insulation,builder_contractor,how_to_installation_demo,theme_question_request
9,7,0.13067455273042405,0.49688143949805447,JcTgSwtljcY,Ugwa47ITJKyHlpsR0454AaABAg,How much did your power bill go up?,ventilation_mvhr,diy_renovator_homeowner,how_to_installation_demo,theme_question_request
9,8,0.12998409222874976,0.5344358842921586,B5wwIv7ZhGI,UgyzLcdhIOOml0-roYV4AaABAg,How much did your electric bill go down by ?,loft_roof_insulation,installer_tradesperson,project_walkthrough,theme_question_request
10,1,0.22224409073009976,1.0,dIPM5yk2u38,Ugy6cCrz3mtjy5Jzynd4AaABAg,Where do you bui it ?,airtightness_draught_proofing,installer_tradesperson,how_to_installation_demo,theme_question_request
10,2,0.22224409073009976,1.0,Oz8WcD385cY,UgxNAPFBl-OwgtDtkAh4AaABAg,where do you find it?,airtightness_draught_proofing,diy_renovator_homeowner,problem_warning_mistakes,theme_question_request
10,3,0.22224409073009976,1.0,i41oW85zPm8,UgxtY1LinqZVaE-F7eN4AaABAg,Where are you Stakker?,loft_roof_insulation,builder_contractor,practical_advice_explainer,theme_question_request
10,4,0.22224409073009976,1.0,6bQgwGQAHeU,UgzPkYFGTxuSa-Kc5RB4AaABAg,Where’s the calking?,ventilation_mvhr,diy_renovator_homeowner,how_to_installation_demo,theme_question_request
10,5,0.22224409073009976,1.0,xcAwujfTN64,UgygrArH5LZjgJMLFoV4AaABAg,Where is your harnesses?,solar_renewable_integration,installer_tradesperson,how_to_installation_demo,theme_question_request
10,6,0.22224409073009976,1.0,co7pKcoVJu0,Ugx90JcjMB9bAQmTir94AaABAg,Where can I get this,external_wall_insulation,diy_renovator_homeowner,how_to_installation_demo,theme_question_request
10,7,0.22224409073009976,1.0,JcTgSwtljcY,Ugykmq0tqJiz3D4Iz1V4AaABAg,Where can we get one?,ventilation_mvhr,diy_renovator_homeowner,how_to_installation_demo,theme_question_request
10,8,0.22224409073009976,1.0,46-e73YYEpM,Ugxia5I7WdjBMWuRYv94AaABAg,Where can i get them?,airtightness_draught_proofing,builder_contractor,problem_warning_mistakes,theme_question_request
11,1,0.11825420481925301,1.0,Hwn6WciiGy4,UgzA_GAshbEAOVA-5Dp4AaABAg,Warm roof then,loft_roof_insulation,installer_tradesperson,problem_warning_mistakes,theme_energy_performance
11,2,0.11825420481925301,1.0,fm11vZii5Es,Ugx1xwu5JRveBmsEbwh4AaABAg,now that`s a warm roof,loft_roof_insulation,builder_contractor,how_to_installation_demo,theme_energy_performance
11,3,0.11209120212167985,0.8793231366497977,Kl3EAJD7Kbs,UgzYI5fnz0BWbi8YFF54AaABAg,No air gap mush ? Flat roof problem all day . Needs to be a warm roof really . Cold roof design is bad great video by the way . Yes learnt a lot for once,damp_condensation_moisture,builder_contractor,problem_warning_mistakes,theme_energy_performance
11,4,0.11127194953478858,0.9372409989668938,i41oW85zPm8,UgxLIFJOhodQgkkOfkR4AaABAg,"my flat roof(which i want to turn into a warm roof) runs into a pitched roof, would i seal the warm roof completely & then add some vent tiles to the bottom of the pitch roof to regain the ventilation i had from the old cold roof?",loft_roof_insulation,builder_contractor,practical_advice_explainer,theme_question_request
11,5,0.11102944281275957,0.8960719844872955,LL2-8RXSYKc,Ugw3FsIco2snWMv-BlZ4AaABAg,Always run the firings across the roof,damp_condensation_moisture,installer_tradesperson,problem_warning_mistakes,theme_practical_advice
11,6,0.10817167385597753,0.5790780230956201,YhGoeR4Q4tM,UgwuDuYrGevj573HUWx4AaABAg,"What I don't quite understand about leaving an air gap is that if air is comming in vents through the soffit and going up to the ridge board where does it vent out, air will stop moving if it's not vented at the other end, and if you have roof vents you would need one between each roof joist on both sides of the roof.",loft_roof_insulation,diy_renovator_homeowner,how_to_installation_demo,theme_practical_advice
11,7,0.10612375555780364,0.738519207603639,ykKwmSqpznM,UgyMJuJN3Qi6NNIAwNd4AaABAg,"Might be too late to help, but I have a 1905 in Pittsburgh. I replaced roof about 7-8 yrs ago. I had ridge vents put in and decided to run ridge venting from gap at soffit up to ridge vent. Once that’s done I’m going to place batt insulation along the baffles. That should allow free flowing air along the roof line and create an air space in the attic. I’ve researched this and newer homes seem to work well with this method. As long as the roof gets cold air running along it, I should retain heat. Good luck.",ventilation_mvhr,diy_renovator_homeowner,how_to_installation_demo,theme_personal_experience
11,8,0.10422367465506228,0.9447460608469757,WATmq9zSvW8,UgxGvLn0wOmkynQ2W0Z4AaABAg,Can an air to air unit be put on a flat roof?,heat_pump_heating_retrofit,installer_tradesperson,how_to_installation_demo,theme_question_request
12,1,0.20165599299418566,1.0,MzSCf_LkyNw,Ugy-u5O1GuWuYQSdmVp4AaABAg,Insulation thief. 😂,loft_roof_insulation,installer_tradesperson,how_to_installation_demo,theme_energy_performance
12,2,0.20165599299418566,1.0,dIPM5yk2u38,UgxDBm2E0cM3Ff05O6h4AaABAg,I have one for insulation!,airtightness_draught_proofing,installer_tradesperson,how_to_installation_demo,theme_energy_performance
12,3,0.20165599299418566,1.0,fm11vZii5Es,Ugyg1_I19Ehy5_gYI5R4AaABAg,200mm insulation - blimey,loft_roof_insulation,builder_contractor,how_to_installation_demo,theme_energy_performance
12,4,0.15702567623470434,1.0,y3g4Vpec1_M,Ugzd1eOwGHTinM8FjOV4AaABAg,Is that a 300mm wall and 100mm insulation?,damp_condensation_moisture,builder_contractor,how_to_installation_demo,theme_question_request
12,5,0.12498610339326593,0.9974563518932381,FH0U8hehXr8,UgwqSLsM83YmFXbNzxJ4AaABAg,Whatever happened to cavity wall insulation.,external_wall_insulation,training_educational,how_to_installation_demo,theme_energy_performance
12,6,0.123471624428118,0.38640489121920457,dIPM5yk2u38,Ugz2OCm1uBHmEzfgj594AaABAg,why the cone off insulation,airtightness_draught_proofing,installer_tradesperson,how_to_installation_demo,theme_energy_performance
12,7,0.11469017218991837,1.0,O2xQjzYs5M4,UgxDN_vroj6yUZbhnHp4AaABAg,Can this be done in a 90s build property thats had cavity wall insulation?,internal_wall_insulation,builder_contractor,how_to_installation_demo,theme_question_request
12,8,0.11391780700949396,0.9096057420212985,7dhfqmm_c2M,UgxE2ek19ov2YgmrPSd4AaABAg,I know of a company that used to specialise in cavity wall insulation. They now specialise in its removal. Cavity wall insulation can wreck a house. Don’t do it!,cavity_wall_insulation,installer_tradesperson,how_to_installation_demo,theme_energy_performance
13,1,0.14344342321420295,0.7522345230371713,ge6pQeFlj3k,UgxN9VITsHHzlEXKgWp4AaABAg,"Hi Jay, I have an old Lennox furnace from the 90’s and it does not have a c terminal. I am installing a Honeywell smart thermostat requiring a c terminal. When I follow the 2 wire from the A/C unit outside to the furnace the red wire goes to the “R” terminal on the furnace panel but the white wire does not connect to the furnace panel it is connected with the yellow wire from the thermostat cable of wires with a wire nut. Does that mean the common can be achieve by connecting into the white and yellow wires that are in the wire nut? In the thermostat bundle of wires is an unused blue wire that is not connected at either end. I was planning to use that blue wire as my c wire. Can I connect that blue wire into the wire nut bundle I mentioned and then connect the blue wire to the “c” on the smart thermostat?",smart_heating_controls,training_educational,practical_advice_explainer,theme_question_request
13,2,0.1369200341716544,0.963137303409459,vG-K5TDYYNA,Ugx5pvpwmR9T51tguM54AaABAg,I have an older Honeywell thermostat and it has a white wire to W yellow wire to Y green wire to G black wire to W2 and blue wire to Y2. I don't see that I have a C wire. I want to install a newer thermostat with wifi. can I do this with the existing wires? Or do I need to install a converter at the AC unit?,smart_heating_controls,installer_tradesperson,how_to_installation_demo,theme_question_request
13,3,0.13542928195319318,1.0,sSDytAtzk0U,UgwbCjtLHnvlPSYmbpB4AaABAg,"my thermostat has 5wires, red to RH, white to o/b, Y to yellow, G to green and C to blue wire, do i swap the G green wire & connect it to the C and the blue wire to G? and do i connect the red wire to RC or R on the honeywell thermostat? any assistance is appreciated, thank you!",smart_heating_controls,installer_tradesperson,how_to_installation_demo,theme_question_request
13,4,0.1350241761490199,1.0,pd926OwKAiA,UgzQDO412tTr2i-XAZZ4AaABAg,"Great video. I have both the blue and green wire connected to the C on my old iComfort thermostat. Trying to upgrade to the Nest 4th gen thermostat , can I connect green and blue wire to the C slot in the Nest thermostat or do I separate them?",smart_heating_controls,installer_tradesperson,how_to_installation_demo,theme_question_request
13,5,0.1350241761490199,1.0,pd926OwKAiA,UgyJpvsYKrDui29hx3R4AaABAg,"Great video. I have both the blue and green wire connected to the C on my old iComfort thermostat. Trying to upgrade to the Nest 4th gen thermostat , can I connect green and blue wire to the C slot in the Nest thermostat or do I separate them?",smart_heating_controls,installer_tradesperson,how_to_installation_demo,theme_question_request
13,6,0.13474696234766825,0.8777029264569058,ge6pQeFlj3k,UgyE7OzAYyoRFlZmtAl4AaABAg,"I'm trying to connect the C wire from thermostat at the furnace end to the correct wire. There is no terminal block or control board with marking, just bunch of wires.I have the brown from condenser with two leads.1. White wire connecting to Yellow on Thermostat wire (Y). 2. Red wire connecting to a blue wire that goes to the steel frame of furnace board. My guess is red wire is the C wire in my case and need to connect thermostat C wire with that. Did I identify C wire correctly since it goes to the frame?",smart_heating_controls,training_educational,practical_advice_explainer,theme_question_request
13,7,0.13452295985924187,0.9834722522483289,zi1Mkt1Nc8s,UgxuHCGZ8-U-PXWx0FV4AaABAg,I am replacing my honeywell thermostat with nest. But nest requires a c wire. When I remove the old thermostat it is connected on R and W wire. There are 2 extra wires sitting in the box (not connected). So I went to boiler and see that 3 wires connected to the zone terminal. I am wondering if the 3rd wire is a C wire? Any suggestions?,smart_heating_controls,diy_renovator_homeowner,how_to_installation_demo,theme_question_request
13,8,0.1341073968326108,1.0,sSDytAtzk0U,UgyJFJZj__ZQ40TzGDt4AaABAg,"If I have a previous thermostat with a ""G"" wire, Can I connect the ""G"" wire to the C at this thermostat model? Do you think that will be enough?",smart_heating_controls,installer_tradesperson,how_to_installation_demo,theme_question_request
14,1,0.2518896367506118,0.7445490845307352,ejubOh5tegY,UgxV7p4zaoB6Ky2bm8l4AaABAg,Where is the vapour barrier ?,loft_roof_insulation,installer_tradesperson,project_walkthrough,theme_question_request
14,2,0.23983161953774956,0.9955531079872861,tufzI-1xTJQ,Ugz9zW3Nh-KVQeR8z2F4AaABAg,Can you give the name of the vapour barrier and who stocks this product thanks,damp_condensation_moisture,installer_tradesperson,problem_warning_mistakes,theme_damp_moisture_condensation
14,3,0.21042033648687172,1.0,35kJvNW81pU,UgzlgFRE18j-JvYr06t4AaABAg,No vapour barrier,floor_insulation,builder_contractor,how_to_installation_demo,theme_damp_moisture_condensation
14,4,0.21042033648687172,1.0,KJava-6Slu8,UgzNieLkm6sjVKQl6D94AaABAg,No vapour barrier?,internal_wall_insulation,builder_contractor,how_to_installation_demo,theme_damp_moisture_condensation
14,5,0.21042033648687172,1.0,AlVATirl5ac,UgyDtMU-EVGyUgMPHlt4AaABAg,No vapour barrier?,internal_wall_insulation,diy_renovator_homeowner,how_to_installation_demo,theme_damp_moisture_condensation
14,6,0.21042033648687172,1.0,MzSCf_LkyNw,Ugx2woGFrJo9sGbHP2R4AaABAg,No vapour barrier too!,loft_roof_insulation,installer_tradesperson,how_to_installation_demo,theme_damp_moisture_condensation
14,7,0.21042033648687172,1.0,63bv_a9jOBs,UgwO1xvkkn45-2mVLHd4AaABAg,No vapour barrier on top?,damp_condensation_moisture,installer_tradesperson,how_to_installation_demo,theme_damp_moisture_condensation
14,8,0.2058130884801992,1.0,YS6NzCAG4l8,Ugx8GiwZiYXJIZpQ1FF4AaABAg,Any links to the vapour barrier,loft_roof_insulation,builder_contractor,how_to_installation_demo,theme_damp_moisture_condensation
15,1,0.18459529827643398,0.6746076288275584,1kz1c-rZsDk,UgwDbEB1_ESMMuKeoYl4AaABAg,How to interconnect 2 solar panels?,solar_renewable_integration,installer_tradesperson,how_to_installation_demo,theme_question_request
15,2,0.15775199991193536,0.9207206869653944,jKiXJOX4ol8,UgxYPtpstc23SGFUcm14AaABAg,"I have Tesla solar panels, can I use this system with them?",solar_renewable_integration,installer_tradesperson,how_to_installation_demo,theme_question_request
15,3,0.14229842613456573,0.695946627653064,Gw8lLhMzLho,UgwLCmYhVOqjGki2WfN4AaABAg,Where can I get these solar generators to buy and do they come with solar panels?,solar_renewable_integration,installer_tradesperson,how_to_installation_demo,theme_question_request
15,4,0.13821697252353043,0.6920403121250995,WBrL9153zJQ,Ugw3HV2ANsGnpTlVfZ94AaABAg,What solar panels are these?,solar_renewable_integration,training_educational,practical_advice_explainer,theme_question_request
15,5,0.1362779302498097,0.7618267903658267,1N_ZsLrfUJM,UgzgrDdoWtR3yHbylJp4AaABAg,"Hi Finn, I have a 6.65kw solar system inc.14 panels on the roof, with a Goodwe inverter. I have been told about fitting a 7.68kw Jinko battery to our system, as we have Jinko panels on the roof. Do you have any thoughts on this battery and fitment please?",solar_renewable_integration,training_educational,practical_advice_explainer,theme_question_request
15,6,0.13625391828954092,1.0,H8Ms_siUiCk,UgyTYKcLmSRGzGOeXRZ4AaABAg,Yeah the solar panels leak. Always!,solar_renewable_integration,installer_tradesperson,problem_warning_mistakes,theme_practical_advice
15,7,0.13489088010889916,1.0,gLFH0GvBLlA,UgxwnzECFUtF371lFcZ4AaABAg,"I’m upgrading my setup with additional solar panels and a 9.4kWh battery. I already have a 10-year-old 4kW solar system, so this will be an add-on. The full package, 8.5kW of solar panels, a 6kW inverter, a 9.4kWh battery, installation, anti-bird protection, and scaffolding, costs £8,650 all in. There’s also the option to expand the battery storage at a later date with extra 9.4kWh batteries at £2,000 each.",solar_renewable_integration,training_educational,practical_advice_explainer,theme_cost_finance
15,8,0.1334039084205876,1.0,5ftY0QMe2qY,UgzXNkZYv2aBOB5u3AB4AaABAg,So all the solar panels with battery and install all for 4 grand thats cheap,solar_renewable_integration,installer_tradesperson,how_to_installation_demo,theme_cost_finance
16,1,0.30490147025950415,1.0,n2c5VtzwalY,UgxB-BRgNBZo9EA7DbV4AaABAg,Never do this!,cavity_wall_insulation,installer_tradesperson,how_to_installation_demo,theme_practical_advice
16,2,0.2372946182016868,0.7208535345578968,ZAPNCBbhoqE,UgyRLPEMKYz_b0OvpEd4AaABAg,Heat never go down 😂,heat_pump_heating_retrofit,diy_renovator_homeowner,how_to_installation_demo,theme_practical_advice
16,3,0.23494090450938585,1.0,dIPM5yk2u38,UgyqNu06KDOjOyPATmx4AaABAg,Never seen it??,airtightness_draught_proofing,installer_tradesperson,how_to_installation_demo,theme_practical_advice
16,4,0.23494090450938585,1.0,KxHcu7JvZwk,UgwbTPRn1kEQoFpHjfx4AaABAg,Never seen an atheist on his deathbed.,heat_pump_heating_retrofit,training_educational,practical_advice_explainer,theme_practical_advice
16,5,0.23494090450938585,1.0,qNQafR_5ALk,UgzG2ETAUsDyaa8haqF4AaABAg,I have never seen such a masterpiece,damp_condensation_moisture,builder_contractor,problem_warning_mistakes,theme_practical_advice
16,6,0.228053940627315,0.989643030177383,kwVleBvWH64,UgwhHBVEaoqmnVVyb8l4AaABAg,Never do it this way! Ever,ventilation_mvhr,builder_contractor,how_to_installation_demo,theme_practical_advice
16,7,0.22713948601476866,0.9604170800127985,QWkP4P7lUMA,UgygliB-qsiQagzClCd4AaABAg,Never new that thank you.,airtightness_draught_proofing,training_educational,problem_warning_mistakes,theme_practical_advice
16,8,0.22713948601476866,0.9604170800127985,QWkP4P7lUMA,UgzriMBOk_yGlqPlfwR4AaABAg,I never new that thank you.,airtightness_draught_proofing,training_educational,problem_warning_mistakes,theme_practical_advice
