topic_number,representative_rank,tfidf_row_index,topic_weight,relative_topic_loading,video_id,comment_id,comment_text,retrofit_topic,creator_type,video_type,primary_theme
1,1,3784,0.05607616860265182,1.0,jYNufQVIFfA,Ugy-_4queRzKwpWlR5V4AaABAg,I do everything myself on my house 🏘️,damp_condensation_moisture,builder_contractor,problem_warning_mistakes,theme_personal_experience
1,2,32195,0.05607616860265182,1.0,OKuaURXqQ0E,UgwReZewjkvadJIbke14AaABAg,Is that my house?,airtightness_draught_proofing,builder_contractor,how_to_installation_demo,theme_question_request
1,3,39049,0.05607616860265182,1.0,YhGoeR4Q4tM,UgwZttjW9va6kBQ2_0d4AaABAg,can you do our house please?,loft_roof_insulation,diy_renovator_homeowner,how_to_installation_demo,theme_question_request
1,4,34559,0.05607616860265182,1.0,tUWJTF9nyaQ,Ugx2GeQyv1bg8RBflNB4AaABAg,I have it at my house and it’s divine,loft_roof_insulation,builder_contractor,problem_warning_mistakes,theme_personal_experience
1,5,18199,0.04343809458713438,0.8061466740603894,H51FYrDR5xs,UgwjsQiU8cpAdrYMjXJ4AaABAg,"Them old house , were not house as we called them now , they were more like shelter. They had an open fire continously burning. Not shower to create steam . They had no money to use good materials to build the house in the first place. As we have experience the same problem, I came to the conclusion is to build a new house in the old one and often it's the best. Keep the old walls for the look outside and build new ones inside. It will reduce the space but in the short term it will not upset you and you will have a good home to live in . I know this because I moved in the West of Ireland into an old rectory. Dampness of tge North West of Europe is nothing to the one of Normandie. Oh , by the way , I'm French too 😂😂",damp_condensation_moisture,diy_renovator_homeowner,project_walkthrough,theme_safety_risk_warning
1,6,8604,0.04191635324861495,0.36267822141306444,kGs_biFA87Q,Ugz2BBX4yZ8elryMKxR4AaABAg,"Assuming a modern gas boiler and (and assuming you used the free cavity/roof insulation offers when they were available years ago), Set your heating to the outside temp, and then turn it up by 1C at a time (waiting at least half an hour between each) until you are not uncomfortable but not cold. this is the temp you need to set at night or times of non occupancy. Then turn it up 0.5C at a time (with 1 hour waits) until you are just comfortable. That's the temperature you need to set during occupancy time. You save by setting semi-constant and low heat settings because: (1) your boiler will work at its most efficient when set at low temps for long times rather than at high temps for short bursts, and (2) your house maintains the heat better when the differential between inside and outside is as low as possible. Many people turn up the heat for psychological comfort rather than physical comfort, but its less psychologically comfortable today when you will be worrying about the bills! Also, if you have a non uniform house with cold rooms, the problem is often poor settings on the radiators; radiator-thermostat valves are the answer, and NOT heating the house with the coldest room in mind. Also, make sure they are not all just set fully-on (that is often the problem if you have them badly set up). Finally, non-bill payers are more likely to mess with the thermostat (I think we all know who we're talking about here!), and there may be some training involved here! The temps you will use are often unexpectedly low. For us, they are 14C and 16.5C. Big thing to remember; *you should not change the values if it gets colder*; the heating will maintain the set temps, so you don't need to change them higher! Our energy bills have actually gone *down* so far this Autumn since using this system. Also, if you need to air the home or leave doors open, do it for 30 minutes max and do one room at a time; you lose the freshening effect soon after 30 minutes per room, and are just throwing heat away! Consider using air purifiers instead during the coldest weather period. I recommend Levoit (they're pretty cheap and the filters last forever if you clean them with a vacuum cleaner hose once a month - plus you can leave them constantly on on 'sleep' so the air never gets dusty)",heat_pump_heating_retrofit,training_educational,practical_advice_explainer,theme_practical_advice
1,7,16435,0.04139347215987166,0.5283887402774851,KxHcu7JvZwk,UgxU1Q4iStVi5wNm0014AaABAg,"I have a solid brick old terraced house. After 3 years of being here I have only just attempted this. Last year I had the same boiler, same thermostat but it was on a timer, now my issue is that when my heating is not on for a few hours it could drop to 17 degrees, so last year when it was on a timer it was having to go from 16/17 to 19/20 each time. This year I have kept my heating at 19 when I am in the house and 18 when I am not in the house. I’ve just got my bill and it says that my usage is down 85%. In certain houses this does in fact work and I wish I knew this 3 years ago!! I move out in a few months.",heat_pump_heating_retrofit,training_educational,practical_advice_explainer,theme_personal_experience
1,8,41554,0.04091695661105199,0.4509575295554533,DSCWGAE1BVQ,UgyEr3kEMzMtSXpYN3B4AaABAg,"I will say as a pretty competent DIYer mainly focused on carpentry you have to understand the tissue backed pir might look good on a spec sheet and I've never used it but my assumption is people don't want to use it for a few reasons 1. It's going to be a nightmare to put in without ripping or breaking and that suvirely decreases the insulations thermal performance 2 then imagine you get it in and any moisture not just water gets to it even the slightest condensation it's going to be ruined and make a big mess. 3 at the end of the day the tradesperson has to 'back' the work they do and might not be comfortable using a new or cheap product that's is inferior because if something goes wrong they have to take the time and spend they're money to fix it when we have had insulations that work fine for over a hundred years. Just my two cents as someone who does alot of this stuff for themself. I certainly see the value in not doing a job twice because I cheaped out or tried to use a 'new' way to do something. I as you might have guessed live in a 100 year old house and it is true what they say they don't build things like they used to. But with that also is important to see the downsides such as asbestos in artex among other things that are not used anymore because of health and safety, So there is also that nothing is perfect.",general_energy_retrofit,training_educational,practical_advice_explainer,theme_practical_advice
1,9,26267,0.039923565640652484,1.0,pvUA6iFJKy8,UgwKVY3oHN3ub320Svl4AaABAg,Depending on your climate it may not be of any value to insulate an old house. Good way to rot out a house that has stood for 150 years or more already. Same with windows. Refurbish the old windows. New windows just have to be replaced in 15 years. No energy saving overall.,damp_condensation_moisture,diy_renovator_homeowner,how_to_installation_demo,theme_energy_performance
1,10,39947,0.03939671152066824,0.38454480982439065,3zUMOblSJ60,Ugx0GRLpETAtzlLPjPN4AaABAg,My last home had damp problems. Funny how this new house with older windows doesn't have mold on the walls. We only have mold on the black window sill between the glass and the frame. Our bathroom extractor fan is shit and we still get no mold. Make sure you close your bathroom door because the moisture will travel around the house otherwise. I always have my window open in the day because I get hot easily and I like having new air in my bedroom. I live my parents by the way. Mold is a strange issue for sure because some people do everything wrong yet they never get mold because they have old windows or just lucky.,airtightness_draught_proofing,training_educational,how_to_installation_demo,theme_practical_advice
1,11,16354,0.03906133720059292,0.38098199197211186,KxHcu7JvZwk,UgwZwamlDC5X-IigZLZ4AaABAg,"I tested this theory- At one point in the past, I lived in a draughty 120 year old 2 up 2 down terraced house with part double glazing, slate roof, draughty loft with a couple of layers of loft insulation/ boards etc I had gas central heating, which just about coped in winter, I tried 2 experiments over a week. 1. Heating timed to come on for an hour in the morning, then off all day, had good day time heat if the sun was heating through the windows. Mostly it wasn't! Then the heating came on for a couple of hours in the evening. Then off the rest of the night. 2. Manually put the heating on first thing in the morning and have it on all day and evening, turn it off before bedtime. What I found was the heating used the most gas getting the house up to temperature from cold. Leaving it on all day used slightly more gas but the benefit was a cosy warm house all day. So in the week when we were at work the house was empty so we had the heating on in the morning, off all day then back on in the evening. At weekends we left it running all day. That seemed to be a good compromise that worked for us. Turning it off during the day at weekends didn't actually save that much money. Because the heating is just ticking over cutting in every so often, it's easier for the boiler to maintain a steady temp rather than having to heat up a house from cold. I had a lot of thermal loses in that house to be fair, in the end I cut my loses and got a more modern, thermally efficient house.",heat_pump_heating_retrofit,training_educational,practical_advice_explainer,theme_personal_experience
1,12,39741,0.03845634422230025,0.3592574719788122,uLPNrGdu0W0,Ugynjo7viGQ2i_129Gx4AaABAg,"When my boiler blew up two years ago a ""smart boiler"" was at the forefront of my mind when getting a new one. The boiler i chose came with tado. I'd moved out of my parents house who have always had nest. I can safely say i will NEVER switch to nest! tado does so many neat things. Like for example it somehow KNOWS there is a window open; it uses geomapping to tell when you're close to your house or leaving, The one gripe many people had is that its not possible to set it over 25 but people fail to realise that you shouldn't even need to be putting it higher than that. If you're having to wack your heat up that high your thermostats aren't in the right places and the ONE place you do have one is too cold for it to get an average temp of the home...rather that the temp of that ONE room",smart_heating_controls,diy_renovator_homeowner,how_to_installation_demo,theme_practical_advice
1,13,9837,0.03842273334725353,0.5958332493908429,BXPR0NUn5fA,UgzkFEyRMVIm1BuaRhF4AaABAg,Well you got to understand that pink fiberglass ain’t nothing like the stuff we worked with even 1520 years ago they’ve made it a lot more friendly for people because all the damage asbestos is done fiberglass is almost as bad because it’s just a small of particulate as asbestos it’s just about half as toxic is the difference but they’re both not good for people most important thing when you’re messing with fiberglass it’s not really touching it it’s a breathing it in because there’s no way to get it back out of your body want you breathing into your lungs!!!! i’ve been doing construction since I was 12 I’m 49 I inherited my grandfathers business at 33 so I know what I’m talking about a Biltmore houses that I can count!!!!,external_wall_insulation,builder_contractor,problem_warning_mistakes,theme_safety_risk_warning
1,14,10632,0.03833354049952702,0.5266877713138859,R9BfhFEv8fg,UgxdtU2FYYpcN_PzY1R4AaABAg,my house... NOT DONE!,ventilation_mvhr,installer_tradesperson,practical_advice_explainer,theme_personal_experience
1,15,40128,0.03833354049952702,0.5266877713138859,3zUMOblSJ60,UgxSTHkOsqAJKlxa1zp4AaABAg,My house is not 😂,airtightness_draught_proofing,training_educational,how_to_installation_demo,theme_personal_experience
1,16,10885,0.03833150138747323,0.31472117537766287,HCo8nWzfFVc,UgyCUuqTH_cNODvJFAx4AaABAg,"30 to 60 well I would say you’ll never get any household in the uk ever down to 30 but anything below 50% should be exceptable, I live in a mid terrace house in north England and I’ve had issues with high humidity , condensation and black mould and we did have one of those units fitted in the loft but we found it not very effective as it just blew cold and damp air in to the house from the loft so how these units are supposed to reduce humidity levels I’m not sure but I did invest in dehumidifiers in problem rooms and I run them 2 to 3 hours in the morning and late evening and they work really well, infact they are very impressive as you shouldn’t even open your windows as the outside humidity can be higher than inside your house so when people say open your windows to reduce humidity or condensation I just think is ridiculous as you need a device like a dehumidifier to extract the moisture from your home which lowers the humidity and like you said makes the inside air drier which is easier to heat up especially in winter so I believe dehumidifiers pay for themselves by cutting heating costs down because it’s easier to heat up a dry room than a damp one, simple, also I applied and damp proof membrane paint on my problem outside walls then 4 layers of thermal paint or condensation paint with a mould inhibiting product added to the paint and this has completely stopped the condensation building up as the inside walls are now dry and not damp or cold in winter so it’s completely eliminated the condensation problem so it’s all to do with using knowledgeable information and applying the methods into practice. Good luck",damp_condensation_moisture,diy_renovator_homeowner,practical_advice_explainer,theme_practical_advice
1,17,8412,0.03808380001122042,0.38180596132335615,kGs_biFA87Q,UgyilRzLPld3RPtFbo14AaABAg,"mentioned on another channel..its all horses for courses, and in the end no matter what you do, the costs are roughly the same. The biggest contributor to all this is the weather.. that you cant do anything about or plan for.... so in saying all what you have said... it can only work if the weather was completely constant, and it isnt... so in the end no matter what you do, it usually averages out anyway. I have solid wall old house, triple glazed and good loft insulation. The house can lose 2/3 degrees inside in 2 hours when its 8/9 degress ourside and more rapidly when its colder. When its say 12/13 outside and more, the heating can be on for only 20mins before its reached 19.5 from say 17, and it goes off and can stay at that for 3 hours. Ive done all the tests.. leaving on 18.5 all day.. having it come on and off when i feel cold and just boost for 1 hour to 19 (sometimes it doesnt get to that because its too cold outside and inside has fallen low), and all in between.. i see no difference in costs... but does change your comfort level. The backset temp we have is 15... so if cold at night, it will kick in... only occurs when its really cold. Lets be fair no one likes being uncomfortable at home, but the majority of housing in this country is terrible, its old and even new builds arent at the standard they should be. Flipping Poland have been building Passive houses for like 20 years... its standard... over here building is about money making and lining certain peoples pockets... not about value for money, our comfort, and economy.",heat_pump_heating_retrofit,training_educational,practical_advice_explainer,theme_cost_finance
1,18,28332,0.03792478134035128,0.2829162636383672,wWWfFER9Spw,UgwyyazPuBTBWbioWHV4AaABAg,"Ron, thanks for directing me to this video. This is going to be very helpful on my old house. I'm a carpenter up in Maine. Been pounding nails for 47 years but all but the first 5 years has been commercial building, maintenance and repairs. I know big commercial steam heating systems fairly well but not residential and especially radiant. We have a 1000 square foot, 500 feet per floor, old house that has pretty good insulation in it that we heat with a pellet stove, and it works well. I'm not getting any younger, almost 66, and I want a more automatic system, but I don't want to put fin tube is as our rooms are very small so it's hard to keep the furniture away from the walls. Radiant is the way to go for me. One of my nephews is building a new house right now and he put in radiant. I can't believe how well it works. I had never seen it before. I'm sold on it. I just can't afford to do it the way it is ""supposed"" to be done so I'm looking for alternatives. I figure if you did it this way before and it didn't work you wouldn't be doing it again. Next, I'm going to watch your inwall system video. I have been thinking about that for the second floor. Pannel rads are way too expensive for me. BTW, I buy a lot from supplyhouse.com too and have been for years.",heat_pump_heating_retrofit,installer_tradesperson,how_to_installation_demo,theme_practical_advice
1,19,17243,0.03791918216334202,0.366854151373339,KIbJ6CBhWoI,UgxsCsPFnh1IiKIdpch4AaABAg,"I live in Alabama in a 30+ year old, hand built, half insulated (not where it counts) home with a crawl space (that wasnt vapor guarded for some reason) and i cant begin to say how much this window stuff has seriously lowered my power bill. I moved in with my BF 3 years ago. We have 2 kids so in total a house of 4 with a 6 and 2 yo. His bill used to be about 300-400 year round just for him and a roommate both barely home. I got this bill down to highest 250 in the summer and about 150 was my last bill (still dropping too first winter having it on windows). Like it impresses me how good this stuff works",windows_doors_glazing,diy_renovator_homeowner,how_to_installation_demo,theme_cost_finance
1,20,6427,0.03788557799371665,0.9371322494719574,QWkP4P7lUMA,Ugy7NPPsArAt0y9oJfl4AaABAg,"Moved into our house 4 years ago. Our front door is to the kitchen, and for 4 years every winter our kitchen has been absolutely freezing. All this time I just thought we had a bad door. I can't believe I never knew this was a thing. Mind absolutely blown 😂😂 thank you so much!",airtightness_draught_proofing,training_educational,problem_warning_mistakes,theme_practical_advice
2,1,34498,0.23063381405409322,1.0,tUWJTF9nyaQ,UgxtCcp6ToRsN4-kzzF4AaABAg,SPRAY FOAM IS A RIPOFF!,loft_roof_insulation,builder_contractor,problem_warning_mistakes,theme_product_material_tool
2,2,31075,0.23063381405409322,1.0,C5lPpLUw-Ts,UgxB5hdL70bOwrRX3cV4AaABAg,SPRAY FOAM! 😉🤣,external_wall_insulation,diy_renovator_homeowner,how_to_installation_demo,theme_product_material_tool
2,3,9907,0.23063381405409322,1.0,9OFpzKn0cq4,UgxWncWZz4ymf4GMPll4AaABAg,😂 spray foam bandit struck again!,loft_roof_insulation,diy_renovator_homeowner,problem_warning_mistakes,theme_product_material_tool
2,4,17746,0.21005452171355435,1.0,5ScJj0YlUAM,UgwSfM5zgyKhjzB0CVZ4AaABAg,Spray foam man. SPRAY FOAM!!,loft_roof_insulation,installer_tradesperson,practical_advice_explainer,theme_product_material_tool
2,5,19045,0.20599973605860633,0.9916592815167181,_RQ9S1u7ag4,UgxN6dpbyQdfHRNkTvZ4AaABAg,Time for closecell spray foam,airtightness_draught_proofing,diy_renovator_homeowner,how_to_installation_demo,theme_product_material_tool
2,6,34575,0.2012370496610628,0.9992076012648449,tUWJTF9nyaQ,UgwbOF_qfUV7Yoap6UJ4AaABAg,"Spray foam, got it.",loft_roof_insulation,builder_contractor,problem_warning_mistakes,theme_product_material_tool
2,7,36373,0.1929615651705873,0.9951862667904596,Genu_Plnp2M,UgwHMTSiKmcIANPqAz54AaABAg,i thought spray foam was hazardeous?,airtightness_draught_proofing,installer_tradesperson,how_to_installation_demo,theme_product_material_tool
2,8,29990,0.1754765569280401,1.0,AADAMH0TRQU,Ugz53GrW4sOGctMr6Cp4AaABAg,I hate spray foam.,loft_roof_insulation,training_educational,how_to_installation_demo,theme_product_material_tool
2,9,598,0.17496107085786047,0.9907055786596326,ZInm0mt0pXQ,Ugw94E9kmzTPcMAjDhl4AaABAg,That spray foam is going to leave you bankrupt😂,external_wall_insulation,builder_contractor,how_to_installation_demo,theme_product_material_tool
2,10,17769,0.1682634226831866,1.0,5ScJj0YlUAM,Ugx-8gwMMlVAGZYqbDx4AaABAg,Or foam it,loft_roof_insulation,installer_tradesperson,practical_advice_explainer,theme_product_material_tool
2,11,193,0.1682634226831866,1.0,UUalCAU4W8g,UgyPLh41DmY6e4nHS114AaABAg,Is it foam❓,internal_wall_insulation,installer_tradesperson,how_to_installation_demo,theme_product_material_tool
2,12,714,0.1682634226831866,1.0,ZInm0mt0pXQ,UgxLoIvtsq_MID0z9fZ4AaABAg,That foam 🤦,external_wall_insulation,builder_contractor,how_to_installation_demo,theme_product_material_tool
2,13,12394,0.16643032313212608,0.98788377232416,QS16O9aYfq4,UgwR20psWKw_x49Mrqd4AaABAg,Do your best and spray foam the rest,airtightness_draught_proofing,builder_contractor,how_to_installation_demo,theme_product_material_tool
2,14,32110,0.16574076351272524,0.910371818255746,vOC1_rPcUCE,UgxspsL4Vs_OgyI_nTR4AaABAg,spray foam vs foam board for moisture ?,ventilation_mvhr,training_educational,how_to_installation_demo,theme_damp_moisture_condensation
2,15,25581,0.16531588504513386,1.0,mBTIbZcWRLs,UgyEnzLr3iUPkYmxrZV4AaABAg,Any spray foam recommendations?,loft_roof_insulation,diy_renovator_homeowner,how_to_installation_demo,theme_product_material_tool
2,16,9997,0.1651355103814393,1.0,9OFpzKn0cq4,Ugwk8qmW9x9ErIogD_J4AaABAg,Spray foam. Is the next asbestos,loft_roof_insulation,diy_renovator_homeowner,problem_warning_mistakes,theme_safety_risk_warning
2,17,32180,0.1643336355397128,1.0,IH7pXvIhHHE,Ugx4DP_Iw99C3DSTfPF4AaABAg,Spray foam sucks.,damp_condensation_moisture,diy_renovator_homeowner,problem_warning_mistakes,theme_product_material_tool
2,18,36352,0.16328081858829824,0.9599486547624555,Genu_Plnp2M,Ugy4omD489FKuwyPYb14AaABAg,I can spray foam that with 2lb closed cell spray foam and get it all covered for you with a energy grant.,airtightness_draught_proofing,installer_tradesperson,how_to_installation_demo,theme_cost_finance
2,19,15010,0.16272488631581283,1.0,gf-QgHyXM6E,Ugy_B42YVAvTYrW_Pl54AaABAg,You forgot the spray foam .,ventilation_mvhr,training_educational,how_to_installation_demo,theme_product_material_tool
2,20,23282,0.1593446843577293,0.9742274737516381,FsFTsrfhBug,UgzuiI_sNwge5so59mx4AaABAg,@Incredibletinyhomes Is there a better alternative to spray foam???,loft_roof_insulation,training_educational,practical_advice_explainer,theme_question_request
3,1,41834,0.2811717394190763,1.0,5q4S12q9m7E,UgyPM135UqEGLSydq7x4AaABAg,What about VanEE ? 6:59 7:02,ventilation_mvhr,installer_tradesperson,how_to_installation_demo,theme_question_request
3,2,41305,0.2811717394190763,1.0,dB8p6pVuPAo,UgxIGcGDvrtmmZFuLBR4AaABAg,what was the invoice?,heat_pump_heating_retrofit,installer_tradesperson,how_to_installation_demo,theme_question_request
3,3,22965,0.2811717394190763,1.0,Q4iG6O7JEM0,UgxO6Ecfrj2YHFuu0wN4AaABAg,What's your name ?,smart_heating_controls,installer_tradesperson,how_to_installation_demo,theme_question_request
3,4,3135,0.2811717394190763,1.0,xcAwujfTN64,UgzdkqsymdISnDR8YNh4AaABAg,What’s the ig?,solar_renewable_integration,installer_tradesperson,how_to_installation_demo,theme_question_request
3,5,29861,0.2811717394190763,1.0,OWALq8C5Wkg,UgyXKweO6Gil5bqGWB94AaABAg,what is this?,smart_heating_controls,installer_tradesperson,how_to_installation_demo,theme_question_request
3,6,3664,0.2811717394190763,1.0,jYNufQVIFfA,Ugyc_8hpPw0w51eyTXd4AaABAg,What about Airkrete?,damp_condensation_moisture,builder_contractor,problem_warning_mistakes,theme_question_request
3,7,33546,0.2811717394190763,1.0,gIhAyS38-f4,Ugzgjo86w6j9Z7jT2Lp4AaABAg,"So, what’s the verdict ?",smart_heating_controls,training_educational,how_to_installation_demo,theme_question_request
3,8,9073,0.2811717394190763,1.0,NZNyK7W8yKI,UgzO38aWxHf09IUfzXl4AaABAg,Since you have your what out ?,windows_doors_glazing,builder_contractor,how_to_installation_demo,theme_question_request
3,9,9055,0.2811717394190763,1.0,NZNyK7W8yKI,UgxGMg7Ks-u_wKP0BMN4AaABAg,His what out???,windows_doors_glazing,builder_contractor,how_to_installation_demo,theme_question_request
3,10,436,0.2811717394190763,1.0,LVYSz1CuuDw,UgwoqmayVm_re-VGdf94AaABAg,What for ?,solar_renewable_integration,installer_tradesperson,how_to_installation_demo,theme_question_request
3,11,26734,0.2811717394190763,1.0,BqflmLgXTzQ,UgwALwxd64ZjszZoE4V4AaABAg,What is this for?,ventilation_mvhr,diy_renovator_homeowner,how_to_installation_demo,theme_question_request
3,12,24045,0.2811717394190763,1.0,7Wk2MF4pEmc,Ugy51xTeSLZAP78O7ct4AaABAg,What's it for?,loft_roof_insulation,diy_renovator_homeowner,practical_advice_explainer,theme_question_request
3,13,403,0.2811717394190763,1.0,LVYSz1CuuDw,Ugwuh-YKviEsewAISwl4AaABAg,What is your shoose please ?,solar_renewable_integration,installer_tradesperson,how_to_installation_demo,theme_question_request
3,14,17310,0.2811717394190763,1.0,KIbJ6CBhWoI,UgwRhpYRfKBJ0dQm5sB4AaABAg,What about the molds?,windows_doors_glazing,diy_renovator_homeowner,how_to_installation_demo,theme_question_request
3,15,13800,0.2811717394190763,1.0,5O6rHbUJRrM,UgwkmIjyJAo7KEnBIrJ4AaABAg,What is this about?,smart_heating_controls,diy_renovator_homeowner,how_to_installation_demo,theme_question_request
3,16,16925,0.2811717394190763,1.0,DA5okoaEhQ4,UgwQGLo6vylUzI5EvBV4AaABAg,What is C for????,smart_heating_controls,installer_tradesperson,how_to_installation_demo,theme_question_request
3,17,28336,0.2811717394190763,1.0,wWWfFER9Spw,UgwclaV20Ts3G4vIySF4AaABAg,"What are ""Joyce's""?",heat_pump_heating_retrofit,installer_tradesperson,how_to_installation_demo,theme_question_request
3,18,1607,0.2811717394190763,1.0,35kJvNW81pU,Ugxj3mkNiB-EC9h1t1l4AaABAg,What is it?,floor_insulation,builder_contractor,how_to_installation_demo,theme_question_request
3,19,10121,0.2811717394190763,1.0,WBrL9153zJQ,UgxHtCF6hZzHi_UVPzJ4AaABAg,700W at what 120/240v?,solar_renewable_integration,training_educational,practical_advice_explainer,theme_question_request
3,20,30091,0.2811717394190763,1.0,bYnBAisrVGQ,UgzHSl37pfiSyyAg9fl4AaABAg,what is this?,smart_heating_controls,installer_tradesperson,how_to_installation_demo,theme_question_request
4,1,172,0.27955852805766784,1.0,UUalCAU4W8g,UgzokD-y9cqTYGYPO0F4AaABAg,Please how can I get this,internal_wall_insulation,installer_tradesperson,how_to_installation_demo,theme_question_request
4,2,1343,0.27955852805766784,1.0,mobbhOH5teg,UgzjtCX1HHkagVxbjQN4AaABAg,How can I get this.,external_wall_insulation,builder_contractor,how_to_installation_demo,theme_question_request
4,3,1029,0.27955852805766784,1.0,MzSCf_LkyNw,Ugyb_WwCUCve7N2GIQl4AaABAg,How is he a gangster in paradise?,loft_roof_insulation,installer_tradesperson,how_to_installation_demo,theme_question_request
4,4,553,0.27955852805766784,1.0,RlQjU6gQcFU,UgzOc6u9y_EY2bD40Zl4AaABAg,"So, that's how it done...? 😱",external_wall_insulation,installer_tradesperson,how_to_installation_demo,theme_question_request
4,5,14918,0.27955852805766784,1.0,tyTT9jNfnc8,UgxtIHBXYrr9KJ1UgEp4AaABAg,How much? 😂😂😂😂😂😂,loft_roof_insulation,training_educational,problem_warning_mistakes,theme_question_request
4,6,30595,0.27955852805766784,1.0,UFQrJ_okXBg,UgwwOoTTEp_TAgGUEJx4AaABAg,how do i do that,smart_heating_controls,installer_tradesperson,how_to_installation_demo,theme_question_request
4,7,3003,0.27955852805766784,1.0,EY77sPyVM2c,UgzMcMysyImMD4RYOq94AaABAg,How much is the PF?,heat_pump_heating_retrofit,installer_tradesperson,how_to_installation_demo,theme_question_request
4,8,15415,0.27955852805766784,1.0,P6rA-E-HmQ0,UgwCHor35FidVlGrelR4AaABAg,how much all???,solar_renewable_integration,installer_tradesperson,how_to_installation_demo,theme_question_request
4,9,19092,0.27955852805766784,1.0,ukgh7mrTd-Y,UgzWJu9O8P_JiNCc10B4AaABAg,How much is this?,solar_renewable_integration,installer_tradesperson,how_to_installation_demo,theme_question_request
4,10,33839,0.27955852805766784,1.0,f9wxGMxavgM,UgwWAZaJVdfWgJuAiJt4AaABAg,How much for that system??? 😊,windows_doors_glazing,installer_tradesperson,how_to_installation_demo,theme_question_request
4,11,41956,0.27955852805766784,1.0,hqFU3zjv-fs,Ugz1XqgYbjDVvLOiiLB4AaABAg,How much is it?,loft_roof_insulation,installer_tradesperson,problem_warning_mistakes,theme_question_request
4,12,5489,0.21501003728057233,0.6220384936210579,1kz1c-rZsDk,UgzShsvUmXJpBliQ1JJ4AaABAg,How installé one Solar pannal of 450w?how many batries llœk‹’,solar_renewable_integration,installer_tradesperson,how_to_installation_demo,theme_question_request
4,13,5562,0.1891277168219142,0.6659470735869223,-0vb6-7lOWw,UgyF4O0jr634uYufBpd4AaABAg,how many appliecess can i use this one?,solar_renewable_integration,installer_tradesperson,how_to_installation_demo,theme_question_request
4,14,3798,0.17917038193631268,0.7093076876707021,6bQgwGQAHeU,UgxyQ3aaaMvwLE_zNgl4AaABAg,How thick is that wall ??,ventilation_mvhr,diy_renovator_homeowner,how_to_installation_demo,theme_question_request
4,15,2560,0.17453407132265086,0.8217913250122978,ZAZWYBFipmI,UgyzrjwjjQeNjZpa3I94AaABAg,And we keep water out how?,airtightness_draught_proofing,builder_contractor,how_to_installation_demo,theme_question_request
4,16,14537,0.17425893902283016,0.5706465946669002,nSnbMsSzdXU,Ugw6WBIy3Upl-PU8kTV4AaABAg,how much is the foam ?,internal_wall_insulation,diy_renovator_homeowner,problem_warning_mistakes,theme_question_request
4,17,15248,0.1664474501075318,0.8227412038171165,bOkQEFi55oU,Ugz6VBVdlq6dnjLnRrx4AaABAg,How much was all of this? Thank you,solar_renewable_integration,installer_tradesperson,project_walkthrough,theme_question_request
4,18,29370,0.1606865988069463,0.9086420324449779,MwDCWACcfVA,UgyaS1gmMO-4k94NXAd4AaABAg,How will one unit be enough ?,heat_pump_heating_retrofit,builder_contractor,how_to_installation_demo,theme_question_request
4,19,33917,0.15797898297679702,0.917369798308237,uKrnNDbJrmA,UgzB2Thz7PWzVmPKZp14AaABAg,How about in winter?,windows_doors_glazing,diy_renovator_homeowner,project_walkthrough,theme_question_request
4,20,8322,0.15667613985658574,0.9128914428193143,OZvrTuhJhXs,UgxwMe8fM_kjc4FPaEh4AaABAg,How can I all the videos you have?,solar_renewable_integration,training_educational,how_to_installation_demo,theme_question_request
5,1,5110,0.20369783555572646,1.0,jKiXJOX4ol8,UgxwhEvjXdkzouWG22l4AaABAg,Do you also have a heat pump?,solar_renewable_integration,installer_tradesperson,how_to_installation_demo,theme_question_request
5,2,31740,0.18288551042419593,0.9889685340125799,fh_KDoj2Qm8,UgyYhjQHQxQiclZiGD14AaABAg,"Heat pump At 50c! , you need to rethink that one.",heat_pump_heating_retrofit,training_educational,how_to_installation_demo,theme_practical_advice
5,3,41658,0.16449464727193713,0.7291508888832287,QLGANlbqIFY,UgyHPCFH1wQ5Y9osiXN4AaABAg,There seem to be two heat pumps out the front. What is the second heat pump for?,heat_pump_heating_retrofit,training_educational,project_walkthrough,theme_question_request
5,4,28746,0.14579708099402752,1.0,xOUBlKTynes,UgzokSIQDFqfOrCzZTh4AaABAg,Get a quote for a heat pump: https://tech.referrals.octopus.energy/uOYXOG2p,heat_pump_heating_retrofit,installer_tradesperson,how_to_installation_demo,theme_cost_finance
5,5,22581,0.1393127054972768,0.7762839627859853,qmWRN3Ob1Po,UgzKJJAHgWprZndih1x4AaABAg,I don't have the funds for this heat pump solution or do I have the space.,heat_pump_heating_retrofit,training_educational,how_to_installation_demo,theme_practical_advice
5,6,33336,0.1334163444116389,0.6203800704903168,lpRNEcK3fGA,Ugwh4X9U_q8zY2bjC_l4AaABAg,How noisy is your heat pump?,heat_pump_heating_retrofit,installer_tradesperson,how_to_installation_demo,theme_question_request
5,7,24893,0.13274941170214677,0.9695290813892739,Hyv_vQEvHgo,Ugy_h-jUZMVmv9eM0qF4AaABAg,Is it a heat storage heat pump boiler?,heat_pump_heating_retrofit,diy_renovator_homeowner,how_to_installation_demo,theme_question_request
5,8,38984,0.1325235552892131,0.9846702944093944,0oDLwBZurp8,UgzBS1s0mT8OG-pJbGd4AaABAg,Are you showing the installation of the heat pump?,whole_house_deep_retrofit,builder_contractor,project_walkthrough,theme_question_request
5,9,38980,0.12922431481924104,1.0,0oDLwBZurp8,UgxX1c5x8CcJ3RIBB6N4AaABAg,Do you have a heat pump episode?,whole_house_deep_retrofit,builder_contractor,project_walkthrough,theme_question_request
5,10,41794,0.12865634014966432,1.0,MUGaC890lJ8,UgyaGaVI25InQbK3IUd4AaABAg,So a heat pump comes pre installed? Also are all heat pump heaters electric?,heat_pump_heating_retrofit,installer_tradesperson,how_to_installation_demo,theme_question_request
5,11,28761,0.1248639611471673,0.7148062242999814,xOUBlKTynes,Ugyd3xLfz_KmFRZuwul4AaABAg,Should there not be a soakaway under the heat pump?,heat_pump_heating_retrofit,installer_tradesperson,how_to_installation_demo,theme_question_request
5,12,28371,0.12406617942878442,0.8930466526580573,8GdNojhiWcA,UgzqJZSYCJcBYJEseSV4AaABAg,Is it like this for any heat pump system?,heat_pump_heating_retrofit,training_educational,how_to_installation_demo,theme_question_request
5,13,38240,0.11500288655058738,0.6918730237402952,wnnwGVBwwvQ,UgwYL_AkGni7oFnrxLF4AaABAg,"Ok Bob so if a heat pump is the same as your fridge, why is a fridge £200 qnd a Heat pump £20,000?",heat_pump_heating_retrofit,installer_tradesperson,practical_advice_explainer,theme_question_request
5,14,24876,0.11383756368722313,1.0,Hyv_vQEvHgo,UgwtL4jy5dLBxj4fBm14AaABAg,Do you run the de-stratification pump whilst the heat pump is heating the cylinder?,heat_pump_heating_retrofit,diy_renovator_homeowner,how_to_installation_demo,theme_question_request
5,15,42356,0.11319969592436348,0.7485516697623736,thbUHzZ_IPA,Ugx-7g_i02eK8-KDB_t4AaABAg,"Hi from Vermont USA, can an air to water Heat Pump be used for cooling too? (Whether thru vents or do you need a separate heat pump)",heat_pump_heating_retrofit,installer_tradesperson,practical_advice_explainer,theme_question_request
5,16,32546,0.11247944758724336,0.7638527982302605,cHuJ-WNlDbc,UgyFjZhM2sfSbjrpvH14AaABAg,£10-15k for heat pump.. eh I don’t think so.. electric is more costly than gas..,heat_pump_heating_retrofit,diy_renovator_homeowner,practical_advice_explainer,theme_cost_finance
5,17,30778,0.11244139257739781,0.8521827995887202,-VJQLcU_YjU,UgzJYBKzRRdYnz-dKUx4AaABAg,We use gas for heating and hot water only. I'm changing from gas to heat pump so all that is needed is to look at the gas kWh used over a year to get the size of the heat pump.,heat_pump_heating_retrofit,training_educational,practical_advice_explainer,theme_energy_performance
5,18,41884,0.11113543355540573,0.8137828478126932,iJasoJI6j-0,UgwDPjp-eU5CjcZiz0p4AaABAg,"Hi, is this a different setup if connected to a heat pump?",smart_heating_controls,installer_tradesperson,how_to_installation_demo,theme_question_request
5,19,40334,0.11034632738093911,0.930898397225832,ZUcyMZJ-Jsw,UgzCuRYDSc3zAWSVJeB4AaABAg,Could a gas boiler bring up to temperature water that comes preheated from a heat pump? 🤔,internal_wall_insulation,training_educational,problem_warning_mistakes,theme_question_request
5,20,12608,0.10907282054466635,0.7698936436357096,1nQ7k_X2aXA,UgxX2VKj5_Um1v8tHiV4AaABAg,"My heat pump don,t run at all when I select heat on the thermostat",heat_pump_heating_retrofit,training_educational,practical_advice_explainer,theme_personal_experience
6,1,31058,0.2703340517268662,1.0,C5lPpLUw-Ts,Ugwr2Msi9gMhtiGW-kx4AaABAg,Great video as always!!,external_wall_insulation,diy_renovator_homeowner,how_to_installation_demo,theme_practical_advice
6,2,11555,0.2703340517268662,1.0,w6wo2URorG4,UgwTJXtYT8CzfCAqmFx4AaABAg,"As always, great video!",heat_pump_heating_retrofit,builder_contractor,problem_warning_mistakes,theme_practical_advice
6,3,3448,0.2703340517268662,1.0,jYNufQVIFfA,UgxUq-MVpFxzwQN6yMN4AaABAg,Great video as always 👍,damp_condensation_moisture,builder_contractor,problem_warning_mistakes,theme_practical_advice
6,4,26493,0.23578311824501033,1.0,9jRpO_kKgJM,UgzKSTff0h8q76aIy4N4AaABAg,"As always, great video, thanks so much.",smart_heating_controls,training_educational,how_to_installation_demo,theme_practical_advice
6,5,4129,0.20330417773921777,0.9986194707672416,1mJkjrwxdP4,Ugz6JPHkBE55sXDz4p14AaABAg,Great video. Is that polished metal one?,smart_heating_controls,training_educational,how_to_installation_demo,theme_question_request
6,6,18304,0.20274269344215096,1.0,LL6YhT_HkIY,UgxNfEVefVeIAleh-794AaABAg,Top video as always 👍👍,heat_pump_heating_retrofit,installer_tradesperson,how_to_installation_demo,theme_practical_advice
6,7,16203,0.2018619853217267,0.6935177405425927,uv75G4ed2dw,UgxmU03x2_v_GF23LIF4AaABAg,Another great video. Have you said what your first name is?,heat_pump_heating_retrofit,diy_renovator_homeowner,project_walkthrough,theme_question_request
6,8,17216,0.19729314368734865,1.0,NuBYWUFiuww,UgzgM48EDlJ1_Kff5e14AaABAg,"I always keep the screws for reusing, great video thanks",windows_doors_glazing,installer_tradesperson,how_to_installation_demo,theme_practical_advice
6,9,5046,0.18682603533516415,0.9651033225510244,irytqcJZSps,UgyT5ygyZNogFrYAKwh4AaABAg,Great video thanks. So do you have to remove the plaster first?,damp_condensation_moisture,builder_contractor,problem_warning_mistakes,theme_question_request
6,10,26284,0.1793177065442279,0.9960343368035439,7dhfqmm_c2M,UgyuVIXwSGh5HU9KhNp4AaABAg,Ps. Great video & thanks. It highlights the problem.,cavity_wall_insulation,installer_tradesperson,how_to_installation_demo,theme_safety_risk_warning
6,11,18784,0.17590529554386514,0.9929376535970749,2-nc6E1Kvks,UgyDdMhXwG0oHwDqaCl4AaABAg,"Great video and information, always great to watch your stuff.",heat_pump_heating_retrofit,diy_renovator_homeowner,how_to_installation_demo,theme_practical_advice
6,12,18786,0.17244819646987591,1.0,2-nc6E1Kvks,UgyIIN9VRC5FuAWETg14AaABAg,"Great video as always, thanks for educating us!!",heat_pump_heating_retrofit,diy_renovator_homeowner,how_to_installation_demo,theme_practical_advice
6,13,26351,0.17076383450406435,0.9981951793730129,iyi6qdwzM3s,UgzmDlldA_MaSulUi9Z4AaABAg,"""Danish warning"" made me lol Great video thanks",ventilation_mvhr,installer_tradesperson,how_to_installation_demo,theme_safety_risk_warning
6,14,6531,0.16786784269519686,0.6173387455526838,QWkP4P7lUMA,Ugyq8h0YLUqbQFSzTbp4AaABAg,"Great video, thanks. ? does this work on windows as well?",airtightness_draught_proofing,training_educational,problem_warning_mistakes,theme_question_request
6,15,30730,0.16499341941990298,0.8410244650942923,bsJkMuMDy_c,UgwQsdKR9FD550Mhs894AaABAg,Great video. Which thermometer do you use for the TD?,heat_pump_heating_retrofit,installer_tradesperson,how_to_installation_demo,theme_question_request
6,16,19626,0.16399681816341016,1.0,pWicJ2PYQF8,UgzcbqvSPzFSIcoOQjl4AaABAg,Great video. Pure fire. Thank you - great narration,solar_renewable_integration,diy_renovator_homeowner,project_walkthrough,theme_safety_risk_warning
6,17,13359,0.16228307906824585,0.596508172857865,k5cYjwz-I1s,Ugzs8GL2L7YewE5zm4J4AaABAg,"Great video! Turned out that I was setting it up wrong after all!! Thanks for that great video, really illustrated how does a TRV work!",smart_heating_controls,installer_tradesperson,practical_advice_explainer,theme_skepticism_critique
6,18,7064,0.15700833911897852,0.9998949758448716,d2EKWKlszwE,Ugzkqy7ruihdoeBNWLt4AaABAg,Great video and wonderfully done. Thanks for sharing your professional knowledge. 👍🏼,airtightness_draught_proofing,builder_contractor,problem_warning_mistakes,theme_trust_credibility_quality
6,19,25676,0.15415248043690083,0.6111482049681518,WoLG6q1Tfgs,UgyyTNN3uZgumI2HbR94AaABAg,@gosforthhandyman how has the vent been working thus far? Great video.,ventilation_mvhr,diy_renovator_homeowner,how_to_installation_demo,theme_question_request
6,20,26097,0.1508450213468427,0.9780772837914495,Tz0W9xCBxS0,UgxCI16ZOumG7ZhZRtp4AaABAg,"Great video, these Grant units are excellent!",heat_pump_heating_retrofit,installer_tradesperson,how_to_installation_demo,theme_cost_finance
7,1,24953,0.28591938097314995,0.9276325017266125,GZAce6iz2gg,Ugz9lgNYahQVKq1u3Ed4AaABAg,why brazing and not stabrite8??,heat_pump_heating_retrofit,installer_tradesperson,how_to_installation_demo,theme_question_request
7,2,31887,0.27597011930131315,1.0,5t9PwXUV3SA,Ugxzk1Jco9ZeRdgKFeJ4AaABAg,Why the blurring?,heat_pump_heating_retrofit,installer_tradesperson,how_to_installation_demo,theme_question_request
7,3,22718,0.27597011930131315,1.0,fK7xyDSxa0I,UgxxJsugpvJjguyChw94AaABAg,Why only 70 ?,smart_heating_controls,installer_tradesperson,practical_advice_explainer,theme_question_request
7,4,9200,0.27597011930131315,1.0,xc_BbbMi1cg,UgyWpt6yP-b24FRX8E14AaABAg,why all the curses?,heat_pump_heating_retrofit,diy_renovator_homeowner,practical_advice_explainer,theme_question_request
7,5,3160,0.2672887970456205,0.9884845836369127,xcAwujfTN64,Ugy0GVd7YA0P_q9aqkx4AaABAg,Why install from top to bottom? Why not bottom to top????,solar_renewable_integration,installer_tradesperson,how_to_installation_demo,theme_question_request
7,6,2820,0.23006273019863963,0.9202725819994089,GhAKMAcmJFg,UgyO8b5aQVaog0ElQrt4AaABAg,why aren't you boris's heating tzar yet?,heat_pump_heating_retrofit,builder_contractor,practical_advice_explainer,theme_question_request
7,7,10293,0.21907973763172325,0.9854277161541188,RwHD7D6avyQ,UgyhpFciQr-6gDv2TXB4AaABAg,Why not do this why not do that?,floor_insulation,builder_contractor,how_to_installation_demo,theme_question_request
7,8,1744,0.21766918064425553,0.864371642384096,4-6KqpUoM3g,UgwiBUdxt1dHW5Ap6Kx4AaABAg,Why not use a calkline?,airtightness_draught_proofing,installer_tradesperson,how_to_installation_demo,theme_question_request
7,9,2200,0.21363708416467642,0.6364369015699324,dIPM5yk2u38,Ugz2OCm1uBHmEzfgj594AaABAg,why the cone off insulation,airtightness_draught_proofing,installer_tradesperson,how_to_installation_demo,theme_energy_performance
7,10,20832,0.21348596439718184,0.6292362514839605,hjlVL4sgqKw,UgwKQKhdT-Cjp1e8fAV4AaABAg,boring! why video?,heat_pump_heating_retrofit,training_educational,practical_advice_explainer,theme_question_request
7,11,2573,0.2111356370022296,0.9459057168325181,ZAZWYBFipmI,Ugxtr4zIDAl1LqOLnyh4AaABAg,Why not concrete?,airtightness_draught_proofing,builder_contractor,how_to_installation_demo,theme_question_request
7,12,39452,0.20091853852475744,0.8777127693219566,wN34zF7e4J8,UgwCH0duQ9zGFRnMANd4AaABAg,Why can't we all just get a president like you?...,whole_house_deep_retrofit,training_educational,practical_advice_explainer,theme_question_request
7,13,14094,0.1855210166424095,0.9814401350062795,UCGpRpKKGV8,UgyXsFDYh2Ii5Av9KiN4AaABAg,Why not screed?,floor_insulation,diy_renovator_homeowner,how_to_installation_demo,theme_question_request
7,14,36652,0.18441045109410184,0.924029324022587,l7Ovl2WoDkQ,UgwXJVGeftu_51OsbLJ4AaABAg,Why not put underneath house?,floor_insulation,diy_renovator_homeowner,how_to_installation_demo,theme_question_request
7,15,21568,0.18341412273111335,1.0,5d5TRMumuSI,UgycA_v2RxuLvQHUG9R4AaABAg,why is there music? WHY????,damp_condensation_moisture,training_educational,practical_advice_explainer,theme_question_request
7,16,2622,0.18277634088470693,0.8742673073952723,ZAZWYBFipmI,UgyeZ3XMqFJr-UAAfU54AaABAg,Why not just use Rockwood?,airtightness_draught_proofing,builder_contractor,how_to_installation_demo,theme_question_request
7,17,2262,0.1774082769219546,0.9570503067402645,dIPM5yk2u38,Ugz9f_w21qEK7JTABBh4AaABAg,so why to open this if there is nothing ?,airtightness_draught_proofing,installer_tradesperson,how_to_installation_demo,theme_question_request
7,18,1288,0.17708112741743598,0.956236081570838,cCLM8T1TtMU,UgyXqIKBiWtkdDI3PI14AaABAg,Why not just glue them on?,external_wall_insulation,installer_tradesperson,how_to_installation_demo,theme_question_request
7,19,9794,0.17549106207640006,0.9915029314122189,BXPR0NUn5fA,UgygcnETYXdDhL9_O294AaABAg,Why 2x6 instead if f 2x4?,external_wall_insulation,builder_contractor,problem_warning_mistakes,theme_question_request
7,20,5364,0.17477088749493677,0.9361568738225994,AN4_mkEfDPE,UgxA0n9dZSU7lSsUK2V4AaABAg,Why not return the membrane??,windows_doors_glazing,builder_contractor,how_to_installation_demo,theme_question_request
8,1,5542,0.233923644353941,0.7175034303712087,1kz1c-rZsDk,UgwDbEB1_ESMMuKeoYl4AaABAg,How to interconnect 2 solar panels?,solar_renewable_integration,installer_tradesperson,how_to_installation_demo,theme_question_request
8,2,5107,0.20047941187746215,0.9216816310211238,jKiXJOX4ol8,UgxYPtpstc23SGFUcm14AaABAg,"I have Tesla solar panels, can I use this system with them?",solar_renewable_integration,installer_tradesperson,how_to_installation_demo,theme_question_request
8,3,23436,0.1792764611839599,0.7281952306008329,Gw8lLhMzLho,UgwLCmYhVOqjGki2WfN4AaABAg,Where can I get these solar generators to buy and do they come with solar panels?,solar_renewable_integration,installer_tradesperson,how_to_installation_demo,theme_question_request
8,4,10028,0.1748739785667763,0.733926104378744,WBrL9153zJQ,Ugw3HV2ANsGnpTlVfZ94AaABAg,What solar panels are these?,solar_renewable_integration,training_educational,practical_advice_explainer,theme_question_request
8,5,19230,0.1720337206238541,1.0,H8Ms_siUiCk,UgyTYKcLmSRGzGOeXRZ4AaABAg,Yeah the solar panels leak. Always!,solar_renewable_integration,installer_tradesperson,problem_warning_mistakes,theme_practical_advice
8,6,12678,0.17189986308593727,0.8033468182326281,1N_ZsLrfUJM,UgzgrDdoWtR3yHbylJp4AaABAg,"Hi Finn, I have a 6.65kw solar system inc.14 panels on the roof, with a Goodwe inverter. I have been told about fitting a 7.68kw Jinko battery to our system, as we have Jinko panels on the roof. Do you have any thoughts on this battery and fitment please?",solar_renewable_integration,training_educational,practical_advice_explainer,theme_question_request
8,7,37928,0.16790238177387343,1.0,gLFH0GvBLlA,UgxwnzECFUtF371lFcZ4AaABAg,"I’m upgrading my setup with additional solar panels and a 9.4kWh battery. I already have a 10-year-old 4kW solar system, so this will be an add-on. The full package, 8.5kW of solar panels, a 6kW inverter, a 9.4kWh battery, installation, anti-bird protection, and scaffolding, costs £8,650 all in. There’s also the option to expand the battery storage at a later date with extra 9.4kWh batteries at £2,000 each.",solar_renewable_integration,training_educational,practical_advice_explainer,theme_cost_finance
8,8,13640,0.1673383400026065,0.7327293305610815,Kz5JbXTo4rM,UgxxFzKqBm2rr6azUN94AaABAg,"What is the use of the Powmr brand 4.2kw, 24v battery system for 200watt 18.6v solar panels?",solar_renewable_integration,training_educational,practical_advice_explainer,theme_question_request
8,9,30319,0.16629697985053568,1.0,5ftY0QMe2qY,UgzXNkZYv2aBOB5u3AB4AaABAg,So all the solar panels with battery and install all for 4 grand thats cheap,solar_renewable_integration,installer_tradesperson,how_to_installation_demo,theme_cost_finance
8,10,6972,0.16598613102413845,0.7013734541200619,zg9IM061rbU,UgyGWAxBf1hXQLAPRS54AaABAg,What kind of solar panels are those?,solar_renewable_integration,diy_renovator_homeowner,how_to_installation_demo,theme_question_request
8,11,39097,0.16583679830280507,0.9639884456626608,5sqw7vHwhGU,UgwiVTC34cbOegGbi8R4AaABAg,"Since you have switched to a string inverter, all your solar panels are now operating as one solar panel. It's recommended that you now orient your solar panels in the same direction. This is because right now you are not getting the full potential out of the panels. Panels in a string are always all as efficient as the least efficient panel in the string.",solar_renewable_integration,diy_renovator_homeowner,project_walkthrough,theme_practical_advice
8,12,447,0.16031071051173437,0.5049401054663778,LVYSz1CuuDw,Ugz2wZEEn4gifQRh84R4AaABAg,Solar ?? Where ??,solar_renewable_integration,installer_tradesperson,how_to_installation_demo,theme_question_request
8,13,36277,0.1602053176241852,0.9828407907694549,HW4iyMnblZ8,UgzQf3ZPVbyy1mm0AmV4AaABAg,"*Solar panels had a price decline of more than 50% since 2022!* *Today, solar panels generate at least 10 times more green electricity with the same investment in time & money.*",solar_renewable_integration,training_educational,practical_advice_explainer,theme_cost_finance
8,14,13624,0.15874655783678873,1.0,Kz5JbXTo4rM,UgznRzH2ckR9J2jQgfN4AaABAg,Parallel connection of solar panels is lot safe & beneficial since in series connection if any solar panel had issue all panels power will be disrupted # from Karachi Pakistan 🇵🇰 DR Mohammed Ziauddin,solar_renewable_integration,training_educational,practical_advice_explainer,theme_safety_risk_warning
8,15,41117,0.15873237905397647,0.8709459673892037,9GLHP_fm-vU,UgzhLKnWoScX9Pf0xQB4AaABAg,Can't you run this ASHP off your solar panels?,heat_pump_heating_retrofit,installer_tradesperson,how_to_installation_demo,theme_question_request
8,16,27481,0.15528225688700675,0.8185847830521653,7IXJnc4nWCg,UgwomVlV8NdK89-7tf14AaABAg,"Why is it you need more solar panels for an inverter then you need for a generator that is a solar generator I mean nature generator has a good one it is 7200 watts 120/240 volts cost a couple thousand dollars almost $3,000 I think it comes with two solar panels I think is 410 watts or more and they come with battery packs that are 4800 w each and you can add as many battery packs as you want even if you want to add four battery packs or 20 batteries or 1000 battery packs you can. But it is cheaper and they come with solar panels if you want them that way and let's solar panels and what inverter needs reenergy has them.",solar_renewable_integration,installer_tradesperson,how_to_installation_demo,theme_cost_finance
8,17,30287,0.15493867269584138,0.8483959245109939,5ftY0QMe2qY,UgylpJp1vS2vc9SGUkV4AaABAg,Are you allowed have plastic vents under solar panels?,solar_renewable_integration,installer_tradesperson,how_to_installation_demo,theme_question_request
8,18,6913,0.1536002695755,1.0,zg9IM061rbU,Ugx5pC1jOIJ06gf70bl4AaABAg,And the recycling process for these solar panels is?,solar_renewable_integration,diy_renovator_homeowner,how_to_installation_demo,theme_question_request
8,19,19686,0.1518754364025468,1.0,pWicJ2PYQF8,Ugyn8zpWLy45BNbuP-J4AaABAg,Those panels are now only £82 each :),solar_renewable_integration,diy_renovator_homeowner,project_walkthrough,theme_cost_finance
8,20,19682,0.15168881591039027,0.9290888562381271,pWicJ2PYQF8,UgxDwvCLB1KXuGxxBg14AaABAg,"Ive been off grid since Feb 2023 my system is 48v I have 9kw solar panels , 5kw inverter and 40kw battery storage all work well",solar_renewable_integration,diy_renovator_homeowner,project_walkthrough,theme_personal_experience
9,1,22003,0.23600813992377684,0.9834662674809721,U-hVUczzlL4,UgwQN_WLDXlT3g4YY8l4AaABAg,"So, it doesn’t work.",ventilation_mvhr,diy_renovator_homeowner,how_to_installation_demo,theme_skepticism_critique
9,2,13816,0.19189023639102484,0.9531114374277329,NoEnHZ8OyCM,Ugyb8hR6FCYARmZt_Pt4AaABAg,Don’t fck with me. Does this work?,smart_heating_controls,installer_tradesperson,problem_warning_mistakes,theme_question_request
9,3,14600,0.18530439547384578,0.9495077573042184,Oz8WcD385cY,UgynE4pLLFZTk9oKPwl4AaABAg,That cheap plastic doesn't work.,airtightness_draught_proofing,diy_renovator_homeowner,problem_warning_mistakes,theme_cost_finance
9,4,40123,0.17616987150358554,0.8558414388945325,3zUMOblSJ60,UgzTBo7QROLBLVbwmu14AaABAg,No loft or flat this doesn't work.,airtightness_draught_proofing,training_educational,how_to_installation_demo,theme_skepticism_critique
9,5,24986,0.17538535176282694,0.7679065439986358,GZAce6iz2gg,UgxeG2WIRsiQPT4fX0l4AaABAg,this video doesn't work,heat_pump_heating_retrofit,installer_tradesperson,how_to_installation_demo,theme_skepticism_critique
9,6,22687,0.1753735574968274,0.9643100937778288,ZMp5ofZpPWo,UgwmX-0xVGN_jNQ0imB4AaABAg,Doesn't work. My garage is still freezing,airtightness_draught_proofing,diy_renovator_homeowner,practical_advice_explainer,theme_skepticism_critique
9,7,22690,0.17203596314895706,0.9723609577695185,ZMp5ofZpPWo,UgyCaHxEmzr8tf0v-dh4AaABAg,Does it work??,airtightness_draught_proofing,diy_renovator_homeowner,practical_advice_explainer,theme_question_request
9,8,14282,0.17203596314895706,0.9723609577695185,ABjqoJ0eXYo,UgyYVcOMgpmx6jnLvuV4AaABAg,Does this work for a 830?,smart_heating_controls,training_educational,how_to_installation_demo,theme_question_request
9,9,29685,0.1655178523131033,0.7907925175543629,CWYKUAb-Acg,UgyQbLSKkO0LDdSFBkV4AaABAg,Mine does move like that and I bleed the reditoar but one that doesn't heat up?,smart_heating_controls,installer_tradesperson,how_to_installation_demo,theme_question_request
9,10,30591,0.16355830665175453,0.9002693938379898,UFQrJ_okXBg,UgxBrYxBAk25APPcTJN4AaABAg,I have two of these old thermostats actually. The one upstairs doesn't work. The light comes on to say it's on but it doesn't seem to have any effect on the radiators.,smart_heating_controls,installer_tradesperson,how_to_installation_demo,theme_skepticism_critique
9,11,19840,0.1603711652648005,0.984416138735955,CXebZiR5TYc,Ugx0HT7EvfZaReCPSo14AaABAg,Sorry but this is incorrect it doesn't work as on/off,smart_heating_controls,installer_tradesperson,how_to_installation_demo,theme_skepticism_critique
9,12,12476,0.15832190235930063,0.9798944019423237,fSR6BY701PU,UgwSaCKbIXetEflc38B4AaABAg,This does not work right ?,damp_condensation_moisture,diy_renovator_homeowner,how_to_installation_demo,theme_question_request
9,13,23999,0.15750656940378388,0.6389411525158859,AXamAjE0juw,UgzvmUmgJPL2aLEgyE14AaABAg,How does it work in wintertime with -10C. ?,heat_pump_heating_retrofit,installer_tradesperson,how_to_installation_demo,theme_question_request
9,14,31469,0.15705754273756625,0.9562632692885746,QIDy3VgVGs0,UgwpDHXOB6wq-6nZuVt4AaABAg,The 50% off code doesn't work with Tado X products 😢,smart_heating_controls,installer_tradesperson,how_to_installation_demo,theme_regulation_standards_policy
9,15,10605,0.14976574986538127,0.7939582260739778,R9BfhFEv8fg,Ugxr9jyz0ml6-ecXx3Z4AaABAg,It only works with heat doesn't work in the winter.,ventilation_mvhr,installer_tradesperson,practical_advice_explainer,theme_skepticism_critique
9,16,4299,0.14884010901938674,0.7439033377548842,5dCCntGj1wM,Ugz0nDff73aXMAV-ysl4AaABAg,"I did the same as you. My outside temp light does not work, does yours?",heat_pump_heating_retrofit,diy_renovator_homeowner,problem_warning_mistakes,theme_question_request
9,17,4353,0.1430221725966716,0.8607111301690102,5dCCntGj1wM,UgxASNKQ7onIsUVAttN4AaABAg,Does this work with nest?,heat_pump_heating_retrofit,diy_renovator_homeowner,problem_warning_mistakes,theme_question_request
9,18,23107,0.13928935532644962,0.9478058051122412,AGgixk6jaew,UgxRw5hZJ8Cv21XceUd4AaABAg,@paulhibbert Does this work with a Hubitat hub?,smart_heating_controls,installer_tradesperson,problem_warning_mistakes,theme_question_request
9,19,30574,0.1367422855484107,0.9523363080745868,A5qlBbd5xwY,UgyAUKr5PbIO-_XqFbF4AaABAg,Does it work with Grant Aerona3?,smart_heating_controls,training_educational,how_to_installation_demo,theme_question_request
9,20,13666,0.13542755898225725,0.593159379460322,Kz5JbXTo4rM,UgwnOJnkiFkmXrXaPC94AaABAg,So how does the watts work then??,solar_renewable_integration,training_educational,practical_advice_explainer,theme_question_request
10,1,374,0.24996126313425718,1.0,qNQafR_5ALk,Ugx2TTTnlei_qCdzsnd4AaABAg,I did that.,damp_condensation_moisture,builder_contractor,problem_warning_mistakes,theme_personal_experience
10,2,32168,0.24996126313425718,1.0,IH7pXvIhHHE,UgyBoVn2fnYv3_-h9Gd4AaABAg,"I get it, but did you have to crumble it on yourself 😆 🤣",damp_condensation_moisture,diy_renovator_homeowner,problem_warning_mistakes,theme_practical_advice
10,3,19180,0.24996126313425718,1.0,o93IFuUkPhs,UgxKfjiuAzUDc3Ff6n54AaABAg,"Also, did you have to readjust the tensioner?",airtightness_draught_proofing,diy_renovator_homeowner,how_to_installation_demo,theme_practical_advice
10,4,25559,0.1440492618908543,0.7508145535245365,K_GmdyM8WVQ,UgxP9eaELKGnsJVhB5R4AaABAg,I did this and it didn't work,smart_heating_controls,installer_tradesperson,how_to_installation_demo,theme_personal_experience
10,5,27396,0.14306616530319605,0.6371184856617682,YsVCTGRR7fc,Ugw9yp-_LnPZFXZOclh4AaABAg,You didn't show the slant ceiling area. How did you insulate that?,loft_roof_insulation,builder_contractor,how_to_installation_demo,theme_question_request
10,6,14597,0.13680037486388652,0.801601435685913,Oz8WcD385cY,Ugw6zfwmn207Sd3bbT54AaABAg,🔵 *u didn't show product name or brand* 👎,airtightness_draught_proofing,diy_renovator_homeowner,problem_warning_mistakes,theme_product_material_tool
10,7,35988,0.13511530915430398,0.6128293425279617,2Apa2WcG9z0,UgxiKMF26yySUQSWTol4AaABAg,"Hi, did you do earthing with it? Thanks!",solar_renewable_integration,diy_renovator_homeowner,how_to_installation_demo,theme_question_request
10,8,27117,0.1307792975112587,0.4800907049916525,JcTgSwtljcY,Ugwa47ITJKyHlpsR0454AaABAg,How much did your power bill go up?,ventilation_mvhr,diy_renovator_homeowner,how_to_installation_demo,theme_question_request
10,9,631,0.13073801064354648,0.714719743866283,ZInm0mt0pXQ,UgyxVh3w2Zsu09Xt8Dl4AaABAg,It said on the can use gloves ?????? didn't see them,external_wall_insulation,builder_contractor,how_to_installation_demo,theme_question_request
10,10,20457,0.1300403825379083,0.5189950946204183,B5wwIv7ZhGI,UgyzLcdhIOOml0-roYV4AaABAg,How much did your electric bill go down by ?,loft_roof_insulation,installer_tradesperson,project_walkthrough,theme_question_request
10,11,10405,0.12923066918268544,0.5547618978793134,QnFoiUXr4h4,UgxvWt1swCW4Qw2HtWl4AaABAg,"That’s what I did, all of it",damp_condensation_moisture,training_educational,practical_advice_explainer,theme_personal_experience
10,12,2359,0.12923066918268544,0.5547618978793134,kGXwcm6_ZMU,Ugxn-X7cGL7Rucqkyox4AaABAg,And what did we do about it?,damp_condensation_moisture,builder_contractor,problem_warning_mistakes,theme_question_request
10,13,22032,0.12614582250664935,0.5497839032868899,0RQFr4QRb2s,Ugzak64bLOVtbKarGq54AaABAg,"How did this turn out for you? Didn't spot any followup (may have missed it). Did you end up building a lattice, and use some kind of rigid foam or rockwool?",internal_wall_insulation,diy_renovator_homeowner,practical_advice_explainer,theme_question_request
10,14,26440,0.12534007174687872,0.5461574590226108,hpEKLDp6DsA,UgzLwU__DzDxe29xWdJ4AaABAg,How much did you pay?,loft_roof_insulation,installer_tradesperson,how_to_installation_demo,theme_question_request
10,15,14637,0.1223459310827217,0.5261635987798032,Rw5np777JDc,UgzeQNSMZNMrhAe3n-94AaABAg,Why didn't they shave it flush?!,loft_roof_insulation,training_educational,problem_warning_mistakes,theme_question_request
10,16,9186,0.11836209090200879,0.4946080381963895,xc_BbbMi1cg,UgxP8jH2Bv2KXKqw7AV4AaABAg,where did you get it from?,heat_pump_heating_retrofit,diy_renovator_homeowner,practical_advice_explainer,theme_question_request
10,17,459,0.11836209090200879,0.4946080381963895,LVYSz1CuuDw,UgwwrM58_rRRT8IwpJ94AaABAg,Where did he get that haircut?,solar_renewable_integration,installer_tradesperson,how_to_installation_demo,theme_question_request
10,18,16514,0.11795255901788193,0.47299067903556996,RN1Te0AKCLs,UgxYlAVmcn-g74CyTwt4AaABAg,how much did the rental cost and where did you rent it,loft_roof_insulation,diy_renovator_homeowner,how_to_installation_demo,theme_cost_finance
10,19,9713,0.11749082428405785,0.5459361233254709,BXPR0NUn5fA,UgyBR1S9KQc0bl7T_eB4AaABAg,How did you get so much knowledge on everything you do?,external_wall_insulation,builder_contractor,problem_warning_mistakes,theme_question_request
10,20,11354,0.11563079825302833,0.4881074108878367,LXVmZhiyUQc,UgzVpEbZW2ZGTTzGNR14AaABAg,How much did all of the material cost,loft_roof_insulation,diy_renovator_homeowner,how_to_installation_demo,theme_cost_finance
11,1,2348,0.23800658854794388,1.0,kGXwcm6_ZMU,Ugy1CY_OeJEHLsKOWBd4AaABAg,Where do you get that smoker at?,damp_condensation_moisture,builder_contractor,problem_warning_mistakes,theme_question_request
11,2,1753,0.23800658854794388,1.0,4-6KqpUoM3g,UgzWMylZQGVUoQec3wl4AaABAg,Where I get that?😮,airtightness_draught_proofing,installer_tradesperson,how_to_installation_demo,theme_question_request
11,3,27112,0.23800658854794388,1.0,JcTgSwtljcY,Ugykmq0tqJiz3D4Iz1V4AaABAg,Where can we get one?,ventilation_mvhr,diy_renovator_homeowner,how_to_installation_demo,theme_question_request
11,4,17431,0.23800658854794388,1.0,XPSkyecmmEE,UgxbzF6R2zfjbbtqkTV4AaABAg,Where do you get this???,airtightness_draught_proofing,diy_renovator_homeowner,how_to_installation_demo,theme_question_request
11,5,34239,0.23800658854794388,1.0,P87qeSIxKT0,UgymUaNJ8Z2KoTqBiOZ4AaABAg,Where is part 3 ?,loft_roof_insulation,builder_contractor,how_to_installation_demo,theme_question_request
11,6,12010,0.23800658854794388,1.0,i41oW85zPm8,UgxtY1LinqZVaE-F7eN4AaABAg,Where are you Stakker?,loft_roof_insulation,builder_contractor,practical_advice_explainer,theme_question_request
11,7,33840,0.23800658854794388,1.0,yiov8ZpIF2U,UgwKe7iISSTMDKtXzHF4AaABAg,Where do you get this from?,windows_doors_glazing,diy_renovator_homeowner,problem_warning_mistakes,theme_question_request
11,8,2109,0.23800658854794388,1.0,dIPM5yk2u38,Ugy6cCrz3mtjy5Jzynd4AaABAg,Where do you bui it ?,airtightness_draught_proofing,installer_tradesperson,how_to_installation_demo,theme_question_request
11,9,2289,0.23800658854794388,1.0,kGXwcm6_ZMU,UgxzBh6-BLYgK_4sEEN4AaABAg,where can i get that vape,damp_condensation_moisture,builder_contractor,problem_warning_mistakes,theme_question_request
11,10,1371,0.23800658854794388,1.0,co7pKcoVJu0,Ugx90JcjMB9bAQmTir94AaABAg,Where can I get this,external_wall_insulation,diy_renovator_homeowner,how_to_installation_demo,theme_question_request
11,11,3833,0.23800658854794388,1.0,6bQgwGQAHeU,UgzPkYFGTxuSa-Kc5RB4AaABAg,Where’s the calking?,ventilation_mvhr,diy_renovator_homeowner,how_to_installation_demo,theme_question_request
11,12,29578,0.23800658854794388,1.0,IT_Eme9XSl8,UgwPniLllC1G_NYMnKR4AaABAg,"""Eve-neen"". Where's the ing? I call anyone who 'eens' their ing's, eeners.",ventilation_mvhr,diy_renovator_homeowner,how_to_installation_demo,theme_question_request
11,13,3139,0.23800658854794388,1.0,xcAwujfTN64,UgygrArH5LZjgJMLFoV4AaABAg,Where is your harnesses?,solar_renewable_integration,installer_tradesperson,how_to_installation_demo,theme_question_request
11,14,24596,0.23800658854794388,1.0,0IvGe4JZLSU,UgzI2qEe3RS9_5ZHgzp4AaABAg,-2°C? Where is that?,heat_pump_heating_retrofit,installer_tradesperson,how_to_installation_demo,theme_question_request
11,15,10978,0.23800658854794388,1.0,46-e73YYEpM,Ugxia5I7WdjBMWuRYv94AaABAg,Where can i get them?,airtightness_draught_proofing,builder_contractor,problem_warning_mistakes,theme_question_request
11,16,14575,0.23800658854794388,1.0,Oz8WcD385cY,UgxNAPFBl-OwgtDtkAh4AaABAg,where do you find it?,airtightness_draught_proofing,diy_renovator_homeowner,problem_warning_mistakes,theme_question_request
11,17,447,0.15717389563510084,0.49505989453362226,LVYSz1CuuDw,Ugz2wZEEn4gifQRh84R4AaABAg,Solar ?? Where ??,solar_renewable_integration,installer_tradesperson,how_to_installation_demo,theme_question_request
11,18,561,0.14950448651604717,0.9440515830021834,RlQjU6gQcFU,UgzxkwRhrCYv53jt5eJ4AaABAg,Show us this where the windows are???,external_wall_insulation,installer_tradesperson,how_to_installation_demo,theme_question_request
11,19,20423,0.1468268849861251,0.7175761105020164,Fp4OMhIYzHg,UgxLMK9G4oFdQApwejl4AaABAg,Where can I get one of those vents?,ventilation_mvhr,installer_tradesperson,practical_advice_explainer,theme_question_request
11,20,1338,0.14459908392008186,0.9540985698842246,mobbhOH5teg,Ugyw8rMmN4s8t4n2ilB4AaABAg,where can i look for,external_wall_insulation,builder_contractor,how_to_installation_demo,theme_question_request
12,1,32028,0.1199878172149532,1.0,Hwn6WciiGy4,UgzA_GAshbEAOVA-5Dp4AaABAg,Warm roof then,loft_roof_insulation,installer_tradesperson,problem_warning_mistakes,theme_energy_performance
12,2,26779,0.1199878172149532,1.0,fm11vZii5Es,Ugx1xwu5JRveBmsEbwh4AaABAg,now that`s a warm roof,loft_roof_insulation,builder_contractor,how_to_installation_demo,theme_energy_performance
12,3,39042,0.11878227061588027,0.5452518055538919,YhGoeR4Q4tM,UgwuDuYrGevj573HUWx4AaABAg,"What I don't quite understand about leaving an air gap is that if air is comming in vents through the soffit and going up to the ridge board where does it vent out, air will stop moving if it's not vented at the other end, and if you have roof vents you would need one between each roof joist on both sides of the roof.",loft_roof_insulation,diy_renovator_homeowner,how_to_installation_demo,theme_practical_advice
12,4,33954,0.117539987304522,0.9713153036284667,WATmq9zSvW8,UgxGvLn0wOmkynQ2W0Z4AaABAg,Can an air to air unit be put on a flat roof?,heat_pump_heating_retrofit,installer_tradesperson,how_to_installation_demo,theme_question_request
12,5,31355,0.11651118411533384,0.7871279492524749,ykKwmSqpznM,UgyMJuJN3Qi6NNIAwNd4AaABAg,"Might be too late to help, but I have a 1905 in Pittsburgh. I replaced roof about 7-8 yrs ago. I had ridge vents put in and decided to run ridge venting from gap at soffit up to ridge vent. Once that’s done I’m going to place batt insulation along the baffles. That should allow free flowing air along the roof line and create an air space in the attic. I’ve researched this and newer homes seem to work well with this method. As long as the roof gets cold air running along it, I should retain heat. Good luck.",ventilation_mvhr,diy_renovator_homeowner,how_to_installation_demo,theme_personal_experience
12,6,11975,0.11433650628311838,0.8159187073133695,i41oW85zPm8,UgxLIFJOhodQgkkOfkR4AaABAg,"my flat roof(which i want to turn into a warm roof) runs into a pitched roof, would i seal the warm roof completely & then add some vent tiles to the bottom of the pitch roof to regain the ventilation i had from the old cold roof?",loft_roof_insulation,builder_contractor,practical_advice_explainer,theme_question_request
12,7,11302,0.11239622931924856,0.7183149282008823,U522et_9P70,UgxTZC8KFON7jNzI-T14AaABAg,"The hottest air in an attic will always rise out the ridge vents at the top of the roof regardless of gable vents being present. Gable vents introducing fresh cool air along with the soffit vents is NOT a bad thing. Everyone says it but can not explain why that makes any sense. Thermodynamics (heat rising) will not change because gable vents are open with soffit vents, the inrush of cool air from the gable vent to the ridge vent increases the total CFM of cool outside air moving through a hot attic. Air is just dry water, the more cool water (air) being moved through a vessel (roof) the better for cooling overall. In an all year hot climate like Florida ot Texas the more venitlation a roof gets the better.",ventilation_mvhr,builder_contractor,practical_advice_explainer,theme_practical_advice
12,8,17554,0.11207799795944567,0.6328168628183368,Kl3EAJD7Kbs,UgzYI5fnz0BWbi8YFF54AaABAg,No air gap mush ? Flat roof problem all day . Needs to be a warm roof really . Cold roof design is bad great video by the way . Yes learnt a lot for once,damp_condensation_moisture,builder_contractor,problem_warning_mistakes,theme_energy_performance
12,9,27368,0.11197144454959194,0.46317314783405555,YsVCTGRR7fc,UgxGiKGrkUHUM3tJQ-54AaABAg,How does the vent work? Is the air going out into the roof ridge up into the top attic?,loft_roof_insulation,builder_contractor,how_to_installation_demo,theme_question_request
12,10,15795,0.11161290763613856,0.9646255200605609,ejubOh5tegY,Ugw8YdblblEyspHlnFJ4AaABAg,Dil you have to put air vents in the slate between the 50mm air gap and the out side?,loft_roof_insulation,installer_tradesperson,project_walkthrough,theme_practical_advice
12,11,11271,0.1108705973615726,0.8716307311274657,U522et_9P70,UgzvQu6hS-UyWNxcuGt4AaABAg,"i dont agree that 'over-ventilating' is a problem. you're saying cool air entering through the gable vent will prevent soffit vent intake and essentially short circuit the ventilation system. however, the cool air from the gable vents will not flow directly upwards to the box vents or ridge vent. instead, because cooler air is more dense it will fall to attic floor to displace the air exiting near the roof peak. the air near the box vents or ridge vent will always be the hottest air in the attic. nice thing about gable vents is it's quick and easy and inexpensive to get a lot of ventilation square footage out of them, and they offer little resistance to air flow. and these ones are already in place so maybe the homeowner wants to replace the box vents with ridge vents to expand the roof exhaust. but there is no good reason to defeat the existing gable vents and good reason not to",ventilation_mvhr,builder_contractor,practical_advice_explainer,theme_practical_advice
12,12,35165,0.11072138401671236,0.8567291958965751,LL2-8RXSYKc,Ugw3FsIco2snWMv-BlZ4AaABAg,Always run the firings across the roof,damp_condensation_moisture,installer_tradesperson,problem_warning_mistakes,theme_practical_advice
12,13,19866,0.10939571258929684,0.6380431750251434,u0ph2Kg0ak0,UgwStMPHTlIkFHvWbo94AaABAg,"Good overview. When I reroofed, they added shingle vents along the full lower roof line (as my soffits are too narrow for typical vents) and added a full ridge vent. Summer does cause the attic to get rather warm just from the normal full sun the roof receives. I'm wondering if augmenting the ridge vent with a solar powered fan (or two) would be of any benefit to pull some extra air through the shingle vents or if its a waste and the air would simply pull through the ridge.",ventilation_mvhr,installer_tradesperson,problem_warning_mistakes,theme_energy_performance
12,14,6744,0.10761351637252135,0.5082437169167727,q6q_70hEl2g,UgxJeRB5stdmiwg3ctN4AaABAg,Does this also keep out cold air?,airtightness_draught_proofing,builder_contractor,problem_warning_mistakes,theme_question_request
12,15,12005,0.10744184131142005,0.7309424182724289,i41oW85zPm8,UgyS5fJ3thy0N5H4x2p4AaABAg,Couldnt you put 20mm insulation on top for a warm roof then the 120mm under the osb and seal that in with no air gap?,loft_roof_insulation,builder_contractor,practical_advice_explainer,theme_energy_performance
12,16,26790,0.10692360190341518,0.5621546127465187,fm11vZii5Es,UgzGWZ8Lj4glkeqYrlR4AaABAg,What is SD value of air membrane in your roof? Or there will be only plasterboard inside?,loft_roof_insulation,builder_contractor,how_to_installation_demo,theme_question_request
12,17,26984,0.10572936356792634,0.692134449000663,hH7dDcgHhR4,Ugwo37mZhs41hh5EWEZ4AaABAg,Where are your baffles for air flow to protect your roof from mold and early roof breakdown,loft_roof_insulation,installer_tradesperson,how_to_installation_demo,theme_damp_moisture_condensation
12,18,15477,0.1056045600723815,0.7778739524764421,M5tyd3ayt80,Ugxv8b29jHj79yj-1Xh4AaABAg,Could this work a corogated roof in a garage using the cold roof method and the room had vents due to the corogated roof.,damp_condensation_moisture,training_educational,practical_advice_explainer,theme_energy_performance
12,19,916,0.10463582894346131,0.9522777271257733,t8_m-2sUTdU,UgyLtAPvPidx2HKQoQx4AaABAg,That cold air is called ventilation !,airtightness_draught_proofing,diy_renovator_homeowner,problem_warning_mistakes,theme_energy_performance
12,20,26988,0.10432183489955137,0.8064747906137248,hH7dDcgHhR4,UgxqJm7RRNUHN6rR62p4AaABAg,Is there any air flow in the roof? Won't there be condensation?,loft_roof_insulation,installer_tradesperson,how_to_installation_demo,theme_question_request
13,1,1136,0.198284315287961,1.0,MzSCf_LkyNw,Ugy-u5O1GuWuYQSdmVp4AaABAg,Insulation thief. 😂,loft_roof_insulation,installer_tradesperson,how_to_installation_demo,theme_energy_performance
13,2,26808,0.198284315287961,1.0,fm11vZii5Es,Ugyg1_I19Ehy5_gYI5R4AaABAg,200mm insulation - blimey,loft_roof_insulation,builder_contractor,how_to_installation_demo,theme_energy_performance
13,3,2129,0.198284315287961,1.0,dIPM5yk2u38,UgxDBm2E0cM3Ff05O6h4AaABAg,I have one for insulation!,airtightness_draught_proofing,installer_tradesperson,how_to_installation_demo,theme_energy_performance
13,4,33151,0.15399141408034595,1.0,y3g4Vpec1_M,Ugzd1eOwGHTinM8FjOV4AaABAg,Is that a 300mm wall and 100mm insulation?,damp_condensation_moisture,builder_contractor,how_to_installation_demo,theme_question_request
13,5,22328,0.12260842708219745,0.9926415713714954,FH0U8hehXr8,UgwqSLsM83YmFXbNzxJ4AaABAg,Whatever happened to cavity wall insulation.,external_wall_insulation,training_educational,how_to_installation_demo,theme_energy_performance
13,6,2200,0.12203968699313453,0.36356309843006773,dIPM5yk2u38,Ugz2OCm1uBHmEzfgj594AaABAg,why the cone off insulation,airtightness_draught_proofing,installer_tradesperson,how_to_installation_demo,theme_energy_performance
13,7,17857,0.11193160534199038,0.997328279824481,O2xQjzYs5M4,UgxDN_vroj6yUZbhnHp4AaABAg,Can this be done in a 90s build property thats had cavity wall insulation?,internal_wall_insulation,builder_contractor,how_to_installation_demo,theme_question_request
13,8,26338,0.11074421324986694,0.8317669194704428,7dhfqmm_c2M,UgxE2ek19ov2YgmrPSd4AaABAg,I know of a company that used to specialise in cavity wall insulation. They now specialise in its removal. Cavity wall insulation can wreck a house. Don’t do it!,cavity_wall_insulation,installer_tradesperson,how_to_installation_demo,theme_energy_performance
13,9,29484,0.11003048357779044,1.0,p2A-JY83iQ8,UgwiJ3UezqCai7AQFyN4AaABAg,Is external wall insulation better or internal wall insulation?,internal_wall_insulation,builder_contractor,how_to_installation_demo,theme_question_request
13,10,33637,0.1080991537201476,0.9985019257235784,n2c5VtzwalY,UgwL4ih2VN6--NeA7Ah4AaABAg,"are you kidding me? NO, cavity wall insulation is a nightmare",cavity_wall_insulation,installer_tradesperson,how_to_installation_demo,theme_question_request
13,11,8182,0.10675131920438692,0.5519521318337848,zmYtFOSPx2o,UgxeiFO2CWOSKQXkjAB4AaABAg,Where can you buy cavity wall insulation for £1k?,cavity_wall_insulation,builder_contractor,problem_warning_mistakes,theme_question_request
13,12,32842,0.10192577492738229,0.8225774854470829,uD82_NWpjlw,Ugxk8-mbtqIQRVm2idh4AaABAg,Wool or fibre insulation should not be used as cavity wall insulation for this very reason.,damp_condensation_moisture,training_educational,problem_warning_mistakes,theme_energy_performance
13,13,32843,0.10167407253268287,0.6494967767693451,uD82_NWpjlw,UgwRG95rmLEC2307fJJ4AaABAg,Never said what type of cavity wall insulation it was.,damp_condensation_moisture,training_educational,problem_warning_mistakes,theme_practical_advice
13,14,14752,0.09971215001982238,0.9958563696480498,tyTT9jNfnc8,UgwRqmwV5MIC3qXMWnl4AaABAg,Roger do the internal wall insulation as well.,loft_roof_insulation,training_educational,problem_warning_mistakes,theme_energy_performance
13,15,14431,0.0993025875478391,0.909338202842203,nSnbMsSzdXU,UgyfKImOUni2XQlrVUl4AaABAg,"Hi mate, if I'm uncertain if solid or cavity wall...can I do this same insulation method?",internal_wall_insulation,diy_renovator_homeowner,problem_warning_mistakes,theme_question_request
13,16,26339,0.09854195069708563,0.9231169832247574,7dhfqmm_c2M,UgxZAS-57Lp42VskV394AaABAg,Cavity wall insulation is like asbestos for houses...,cavity_wall_insulation,installer_tradesperson,how_to_installation_demo,theme_energy_performance
13,17,29474,0.09605637989870226,1.0,p2A-JY83iQ8,Ugy7wdzorRAQi7zyq954AaABAg,Is internal wall insulation ok for houses with cavity walls ? Or is it overkill?,internal_wall_insulation,builder_contractor,how_to_installation_demo,theme_question_request
13,18,4759,0.0957847857556536,0.6430301814566707,irytqcJZSps,UgzRxTcf6K_2fhm6QgB4AaABAg,What about cavity wall insulation in it 7 year old stuff? Any different to this mate?,damp_condensation_moisture,builder_contractor,problem_warning_mistakes,theme_question_request
13,19,38923,0.0955785193502469,1.0,0oDLwBZurp8,Ugzm9F5I66Izs18wCmt4AaABAg,Kingspan k5 solid external wall insulation or sf40 multi foil insulation,whole_house_deep_retrofit,builder_contractor,project_walkthrough,theme_energy_performance
13,20,37365,0.09540086251855434,0.9993791700786401,Lc2D5U4DJew,UgyqlWa5Y0xVISayBi94AaABAg,This guy is passionate about insulation 🤣🤣,loft_roof_insulation,installer_tradesperson,problem_warning_mistakes,theme_energy_performance
14,1,13894,0.12695044373612188,0.730115364085604,ge6pQeFlj3k,UgxN9VITsHHzlEXKgWp4AaABAg,"Hi Jay, I have an old Lennox furnace from the 90’s and it does not have a c terminal. I am installing a Honeywell smart thermostat requiring a c terminal. When I follow the 2 wire from the A/C unit outside to the furnace the red wire goes to the “R” terminal on the furnace panel but the white wire does not connect to the furnace panel it is connected with the yellow wire from the thermostat cable of wires with a wire nut. Does that mean the common can be achieve by connecting into the white and yellow wires that are in the wire nut? In the thermostat bundle of wires is an unused blue wire that is not connected at either end. I was planning to use that blue wire as my c wire. Can I connect that blue wire into the wire nut bundle I mentioned and then connect the blue wire to the “c” on the smart thermostat?",smart_heating_controls,training_educational,practical_advice_explainer,theme_question_request
14,2,25524,0.12162203667353792,0.9572069771923695,vG-K5TDYYNA,Ugx5pvpwmR9T51tguM54AaABAg,I have an older Honeywell thermostat and it has a white wire to W yellow wire to Y green wire to G black wire to W2 and blue wire to Y2. I don't see that I have a C wire. I want to install a newer thermostat with wifi. can I do this with the existing wires? Or do I need to install a converter at the AC unit?,smart_heating_controls,installer_tradesperson,how_to_installation_demo,theme_question_request
14,3,24119,0.12083670308054112,0.9862867767872245,zi1Mkt1Nc8s,UgxuHCGZ8-U-PXWx0FV4AaABAg,I am replacing my honeywell thermostat with nest. But nest requires a c wire. When I remove the old thermostat it is connected on R and W wire. There are 2 extra wires sitting in the box (not connected). So I went to boiler and see that 3 wires connected to the zone terminal. I am wondering if the 3rd wire is a C wire? Any suggestions?,smart_heating_controls,diy_renovator_homeowner,how_to_installation_demo,theme_question_request
14,4,24084,0.12082406031911724,0.9044964896321571,zi1Mkt1Nc8s,UgxsSO51td2UUoYJfIZ4AaABAg,"I have a thermostat with 2 wires connected, the R and W wire, however there are 3 other wires not used. Two of the 3 wires provides 24 volts when I tested it. Do I need a C wire? It's a boiler only setup. Can this work if I connect the 2 two wires to match the color on the nest thermostat?",smart_heating_controls,diy_renovator_homeowner,how_to_installation_demo,theme_question_request
14,5,13881,0.12072175653422665,0.8667688053362962,ge6pQeFlj3k,UgyE7OzAYyoRFlZmtAl4AaABAg,"I'm trying to connect the C wire from thermostat at the furnace end to the correct wire. There is no terminal block or control board with marking, just bunch of wires.I have the brown from condenser with two leads.1. White wire connecting to Yellow on Thermostat wire (Y). 2. Red wire connecting to a blue wire that goes to the steel frame of furnace board. My guess is red wire is the C wire in my case and need to connect thermostat C wire with that. Did I identify C wire correctly since it goes to the frame?",smart_heating_controls,training_educational,practical_advice_explainer,theme_question_request
14,6,35874,0.12031451139016394,1.0,sSDytAtzk0U,UgwbCjtLHnvlPSYmbpB4AaABAg,"my thermostat has 5wires, red to RH, white to o/b, Y to yellow, G to green and C to blue wire, do i swap the G green wire & connect it to the C and the blue wire to G? and do i connect the red wire to RC or R on the honeywell thermostat? any assistance is appreciated, thank you!",smart_heating_controls,installer_tradesperson,how_to_installation_demo,theme_question_request
14,7,35814,0.11881207645385523,1.0,sSDytAtzk0U,UgyJFJZj__ZQ40TzGDt4AaABAg,"If I have a previous thermostat with a ""G"" wire, Can I connect the ""G"" wire to the C at this thermostat model? Do you think that will be enough?",smart_heating_controls,installer_tradesperson,how_to_installation_demo,theme_question_request
14,8,8971,0.11848287567641472,0.9046681172738881,Af6aaUyMc3E,Ugx4tmdymE2qxipfiX54AaABAg,Question - I do not have a C wire to my knowledge in my thermostat wiring.I have the white wire but it is hooked up to the W.My thermostat right now is battery operated.In my furnace I do have a white wire connected to the C slot.So do I have a common wire for power for a smart thermostat?I have a red to RV.A black to R.White to W or O/B.Another black to Y and a green to G in my existing thermostat.C is empty but again in the furnace a white is hooked up to the C.,smart_heating_controls,diy_renovator_homeowner,how_to_installation_demo,theme_question_request
14,9,25459,0.1157533986550828,0.7522432747871245,pd926OwKAiA,UgyJpvsYKrDui29hx3R4AaABAg,"Great video. I have both the blue and green wire connected to the C on my old iComfort thermostat. Trying to upgrade to the Nest 4th gen thermostat , can I connect green and blue wire to the C slot in the Nest thermostat or do I separate them?",smart_heating_controls,installer_tradesperson,how_to_installation_demo,theme_question_request
14,10,25471,0.1157533986550828,0.7522432747871245,pd926OwKAiA,UgzQDO412tTr2i-XAZZ4AaABAg,"Great video. I have both the blue and green wire connected to the C on my old iComfort thermostat. Trying to upgrade to the Nest 4th gen thermostat , can I connect green and blue wire to the C slot in the Nest thermostat or do I separate them?",smart_heating_controls,installer_tradesperson,how_to_installation_demo,theme_question_request
14,11,21336,0.11385288596365328,0.7529662655931921,9EPnwFhocwM,Ugwc7FLget3Isreczhx4AaABAg,So at 2:17 does that c wire adapter wire need to be connected to the smart Alexa thermostat or is that c wire adapter a substitute and a wifi substitute?,smart_heating_controls,diy_renovator_homeowner,how_to_installation_demo,theme_question_request
14,12,30995,0.11081657622847148,0.929516047188038,5PWBt-sSA3Y,UgwPAOf2R1tLKQMHSwN4AaABAg,"I took off the old thermostat from the house we just bought with a boiler and central AC and my wiring was similar to this.. A WHITE wire, TWO RED wires jumpered together in an “R” screw and then the green, yellow wires for the AC. The power to the AC I deduced was the red wire bundled with the green and yellow wires. I put that in Rc and then the other red wire in Rh and wired the same as this but I get an error now that there is no power to Rh?",smart_heating_controls,installer_tradesperson,how_to_installation_demo,theme_question_request
14,13,25535,0.110804322712605,0.7335048893616248,vG-K5TDYYNA,UgxEQMvwkgJS2iXrLKl4AaABAg,"I have a Blue Wire, an Orange Wire, a Brown Wire and a Black Wire along with the White, Red, Green, and Yellow Wires. The Black and Brown wires are Not Used in my Honeywell Thermostat set up. What designation do these wires have? I’ve tried installing 2 Different New ecobee smart thermostats and I finally had to take them off and reinstall the Honeywell. Why are the ecobees so difficult to wire up?",smart_heating_controls,installer_tradesperson,how_to_installation_demo,theme_question_request
14,14,17884,0.11018444241896075,0.8787019942811592,7fFlhX-8mv8,UgxAYKNvDTZ1oAbeF9F4AaABAg,"So current our thermostat has a C wire, but when we connected all the wires to the Amazon thermostat it never turned on… all wires were firmly connected and we have not had any connectivity issues with our current thermostat… Is there anything that can be done? It seems that our C wire is not providing the additional power needed for the smart thermostat?",smart_heating_controls,diy_renovator_homeowner,how_to_installation_demo,theme_question_request
14,15,31263,0.1095314484207258,0.4790837893940418,UHq1aRh2tBg,UgxYVbzfHQySpc0A_TF4AaABAg,"My system has 6 wires. Where does the ""O"" wire go on this new thermostat??",smart_heating_controls,installer_tradesperson,how_to_installation_demo,theme_question_request
14,16,8912,0.10941239816048638,0.6536385331542078,Af6aaUyMc3E,UgzlVRGPvstAKx2FSO94AaABAg,"My furnace has a wire connected to the C, it’s white, along with the W wire. At my thermostat I only have 4 wires, connected to Y, W, R, and G. Where does my common wire go? Is it possible it got stuck behind the wall? My thermostat is working without it… Is it wise to have new wire run through as shown in the video?",smart_heating_controls,diy_renovator_homeowner,how_to_installation_demo,theme_question_request
14,17,15866,0.10936095004274526,0.9442412069974695,0M9QzdPhm58,UgwJfuoscMyMDjCrK0J4AaABAg,So I have a blue wire that is not connected to my old thermostat. Is that the common blue wire?,smart_heating_controls,diy_renovator_homeowner,how_to_installation_demo,theme_question_request
14,18,21332,0.10927893617302174,0.5878217563525505,9EPnwFhocwM,UgyKm0JsrE7p9MOAsjt4AaABAg,"You can avoid purchasing the adapter if you have unused wires in the main bundle of wire coming out of the wall. With my thermostat I did not have a C wire designated but I did have 4 unused colored wires in the bundle that were tucked back into the wall. Pick one of the wires to become the C wire. I chose the blue wire as it is the most common choice for C. Now turn your power off to your furnance and open the side panel. Look at your motherboard and you will see all the connection screws that are the same as the thermostat such as W,Y,G, R, RC ..etc. There should be a C terminal as well. In my case, I had a red wire already connected to the board C terminal that was connected to R and RC at the thermostat. It does not matter as the new wire will also be connected to the C terminal. Find the wire bundle coming from the thermostat into the furnace. You will see some of the wires already connected to the board and some that are not connected to anything. In my case, I stripped the blue wire that was unused and connected it to the C terminal. It does not matter if there is already another wire connected to C. That is it. You now have a blue C wire and do not need to pay for the adapter or use batteries to keep power to the thermostat. The other colors that were connected to my old thermostat such as G,Y,W,R,RC were connected the same terminals on the Amazon thermostat.",smart_heating_controls,diy_renovator_homeowner,how_to_installation_demo,theme_practical_advice
14,19,17891,0.10883787505861546,0.8473853004869408,7fFlhX-8mv8,UgxEZv3upHcP3t4Mhoh4AaABAg,"My actual thermostat don't have the blue wire, could that be a porblem?",smart_heating_controls,diy_renovator_homeowner,how_to_installation_demo,theme_question_request
14,20,22182,0.10836406085610593,0.7765931319510382,IbQjqDJ2Vuo,Ugyfh9x1KQStTCXI6X14AaABAg,"hi. i followed your instruction but for some reason i only have heat mode, no a/c mode. do you know why? I only have four wires but i used to have a nest and the four wires worked but on the amazon thermostat it doesnt show the a/c....? thank you green wire at G blue wire at C white wire at W Red wire at R",smart_heating_controls,diy_renovator_homeowner,how_to_installation_demo,theme_question_request
15,1,15773,0.2593532411705646,0.7366057441327352,ejubOh5tegY,UgxV7p4zaoB6Ky2bm8l4AaABAg,Where is the vapour barrier ?,loft_roof_insulation,installer_tradesperson,project_walkthrough,theme_question_request
15,2,1052,0.2162930425760029,1.0,MzSCf_LkyNw,Ugx2woGFrJo9sGbHP2R4AaABAg,No vapour barrier too!,loft_roof_insulation,installer_tradesperson,how_to_installation_demo,theme_damp_moisture_condensation
15,3,1702,0.2162930425760029,1.0,35kJvNW81pU,UgzlgFRE18j-JvYr06t4AaABAg,No vapour barrier,floor_insulation,builder_contractor,how_to_installation_demo,theme_damp_moisture_condensation
15,4,34359,0.2162930425760029,1.0,AlVATirl5ac,UgyDtMU-EVGyUgMPHlt4AaABAg,No vapour barrier?,internal_wall_insulation,diy_renovator_homeowner,how_to_installation_demo,theme_damp_moisture_condensation
15,5,33273,0.2162930425760029,1.0,63bv_a9jOBs,UgwO1xvkkn45-2mVLHd4AaABAg,No vapour barrier on top?,damp_condensation_moisture,installer_tradesperson,how_to_installation_demo,theme_damp_moisture_condensation
15,6,30950,0.2162930425760029,1.0,KJava-6Slu8,UgzNieLkm6sjVKQl6D94AaABAg,No vapour barrier?,internal_wall_insulation,builder_contractor,how_to_installation_demo,theme_damp_moisture_condensation
15,7,29669,0.2118342868893608,1.0,YS6NzCAG4l8,Ugx8GiwZiYXJIZpQ1FF4AaABAg,Any links to the vapour barrier,loft_roof_insulation,builder_contractor,how_to_installation_demo,theme_damp_moisture_condensation
15,8,10810,0.21148081377890207,0.7631769387298702,HCo8nWzfFVc,UgweX3zao0ah-0U46uh4AaABAg,Do you have a subfloor? What about a vapour barrier?,damp_condensation_moisture,diy_renovator_homeowner,practical_advice_explainer,theme_question_request
15,9,16720,0.21064640535869517,0.7629293710972379,KltU08BK7Oc,UgxFkB7qDHX4PsWvAMp4AaABAg,I would put vapor barrier on the ground itself,floor_insulation,training_educational,practical_advice_explainer,theme_damp_moisture_condensation
15,10,15617,0.20877401879698,0.9377557159337545,M5tyd3ayt80,Ugw3a8MQzPJ0JL4M5qx4AaABAg,OSB is like a vapor barrier,damp_condensation_moisture,training_educational,practical_advice_explainer,theme_damp_moisture_condensation
15,11,30033,0.20855128183480667,0.885744476305007,VwUjkSjllPs,Ugwjrs3WWrF8ZWUuAMZ4AaABAg,Is the air barrier in this case also a vapor barrier?,external_wall_insulation,builder_contractor,how_to_installation_demo,theme_question_request
15,12,36918,0.20651906459261782,1.0,xWRLCWmqT50,UgzrqXaV4NWomiqz9hx4AaABAg,So u screw into the vapor barrier?,loft_roof_insulation,builder_contractor,practical_advice_explainer,theme_damp_moisture_condensation
15,13,37530,0.20212342346216605,0.8953137649829417,tu1st66use4,Ugz2w2XRq6-ZI4OkLQ14AaABAg,"isn't a ""breathable vapour barrier"" not a vapour barrier?",internal_wall_insulation,training_educational,practical_advice_explainer,theme_damp_moisture_condensation
15,14,34071,0.20094737379069386,0.763150551173932,EOAm2mlzfTg,Ugyw9cX-NYDycfBM2C54AaABAg,"What type of vapour barrier you recommend for a warm flat roof, breathable vapour barrier or airtight vapour barrier?",damp_condensation_moisture,builder_contractor,how_to_installation_demo,theme_question_request
15,15,12178,0.2002273145964062,0.9797934002904727,rXJDwjkoEkQ,UgwCcJd1wee_hZUIttt4AaABAg,Is it a good idea to put vapour barrier,floor_insulation,diy_renovator_homeowner,project_walkthrough,theme_damp_moisture_condensation
15,16,12180,0.19982970772863046,0.9990610870655375,rXJDwjkoEkQ,UgwIHQJsKwc6MrI2X8V4AaABAg,No vapour barrier needed?,floor_insulation,diy_renovator_homeowner,project_walkthrough,theme_damp_moisture_condensation
15,17,17702,0.19877735939702973,0.9565639743881774,5ScJj0YlUAM,Ugy936_wvU9Y3WA9jJh4AaABAg,Use a vapor barrier,loft_roof_insulation,installer_tradesperson,practical_advice_explainer,theme_damp_moisture_condensation
15,18,38379,0.19808077310411995,0.6802738132764234,tufzI-1xTJQ,UgyDSq5wybltGFrx2Qh4AaABAg,Does the vapour barrier needs to be breathable? Thanks,damp_condensation_moisture,installer_tradesperson,problem_warning_mistakes,theme_question_request
15,19,30352,0.19706807602108356,0.754413924211951,2WaI7q8tin4,UgzVkyBQDMVi-Y_jsdp4AaABAg,Good fixings. What vapour barrier have you used there?,external_wall_insulation,builder_contractor,how_to_installation_demo,theme_question_request
15,20,33689,0.19576881777319283,0.9332020450309101,5abHgZp11C4,UgxwY5d9UKQpG5bY8bx4AaABAg,Hi do you need to put down a vapour barrier,floor_insulation,diy_renovator_homeowner,project_walkthrough,theme_practical_advice
16,1,33740,0.1208528925320867,0.9190585131127846,1rhmEAggMqU,Ugy1x8YHE_uJknq-lnp4AaABAg,I'd do it with rockwool 🤩🤩🤩,airtightness_draught_proofing,diy_renovator_homeowner,how_to_installation_demo,theme_product_material_tool
16,2,7399,0.10254705017403343,0.5454920996837924,rRqV8BHE8lY,UgwraP-sG8KdmiziXKh4AaABAg,How would this be made into a 240v system? Would I need 5 of these 48v batteries?,solar_renewable_integration,training_educational,how_to_installation_demo,theme_question_request
16,3,19572,0.10044764001152019,0.9108647146986292,kqO5SyKJ5SI,Ugx8VSJMjuOs8FKRzBB4AaABAg,Who would I call to do this job ? HVAC ?,ventilation_mvhr,diy_renovator_homeowner,how_to_installation_demo,theme_question_request
16,4,5321,0.10009567871648768,0.759103221445733,AN4_mkEfDPE,UgzSpvuFGKz_PIKvZNd4AaABAg,"I would use this in the bottom corners, but then i would tape the rest",windows_doors_glazing,builder_contractor,how_to_installation_demo,theme_practical_advice
16,5,32952,0.09957634846813346,0.5305811116687394,NHgE0lyJNmE,UgxW8FnZTl1V-MHNHGV4AaABAg,What would you recommend please ? Thank you 🙏,loft_roof_insulation,builder_contractor,problem_warning_mistakes,theme_question_request
16,6,28578,0.09777740282145068,0.7271757912695437,tGQrIF7wD2U,UgwrRTwgDkr-cdjl0hx4AaABAg,Our dimmers get hot. Is it good idea to seal them? They would get hotter wouldn’t they.,airtightness_draught_proofing,diy_renovator_homeowner,how_to_installation_demo,theme_question_request
16,7,39267,0.09738630985519024,0.5550414281728628,3tfqdP68umQ,Ugxu1JQUia-vds6HRYZ4AaABAg,How Dunelm would you like your bedroom? Yes.,internal_wall_insulation,diy_renovator_homeowner,how_to_installation_demo,theme_question_request
16,8,31294,0.09670995980514273,0.9452154276771405,TozuzG0Vb_c,UgxuvyFMfxkac6DTtjl4AaABAg,I would never even has though to do this,ventilation_mvhr,installer_tradesperson,how_to_installation_demo,theme_practical_advice
16,9,2205,0.09636815563891134,0.6089402154475456,dIPM5yk2u38,UgwAf9VSpk3iY27Y1U14AaABAg,It would not only keep the insulation in one spot it would also help insulate,airtightness_draught_proofing,installer_tradesperson,how_to_installation_demo,theme_energy_performance
16,10,39322,0.0935996617316084,0.7444947253388385,dULHUbLsRGY,UgwaWWmvK3xRRclBxWd4AaABAg,Would wd-40 work as a lubricant on the pin?,smart_heating_controls,installer_tradesperson,how_to_installation_demo,theme_question_request
16,11,10597,0.09311156061433831,0.521580301959792,R9BfhFEv8fg,UgzTmIyCgVA0_ePdCY54AaABAg,how much would something like this cost?,ventilation_mvhr,installer_tradesperson,practical_advice_explainer,theme_question_request
16,12,15493,0.09281915699232691,0.5849212402769273,M5tyd3ayt80,UgyjgZpJRxMWTC5IvTB4AaABAg,Would this be where a HVAC system would be useful?,damp_condensation_moisture,training_educational,practical_advice_explainer,theme_question_request
16,13,22141,0.0917598450038526,0.8623244181343466,jUehMdNfGrY,Ugz_I4c_qSLb48agaK54AaABAg,I’d much rather have a fire in the loft than in the kitchen,solar_renewable_integration,installer_tradesperson,problem_warning_mistakes,theme_safety_risk_warning
16,14,23524,0.0907071486524402,0.45725119877143233,i6XYRnlCeW4,UgwRTA9ckHdFDEY0Uqt4AaABAg,How many days would this job will take and how much would it cost?,ventilation_mvhr,installer_tradesperson,how_to_installation_demo,theme_question_request
16,15,2048,0.09037704131448837,0.4075560808415597,qyZm66j8QU4,UgwygPW3Roor4bMevoN4AaABAg,why would you put plasterboard,damp_condensation_moisture,diy_renovator_homeowner,how_to_installation_demo,theme_product_material_tool
16,16,19771,0.08991252352750201,0.9781074663368203,pWicJ2PYQF8,Ugx2gx7LACCtI0tX6gl4AaABAg,"Hello, Kev. I'm Renee from JSDSOLAR. I would like to invite you to test our system. Are you interested?",solar_renewable_integration,diy_renovator_homeowner,project_walkthrough,theme_question_request
16,17,3008,0.08936738640208426,0.46357939910926305,EY77sPyVM2c,Ugz0YzYmFpvnWJtoQPV4AaABAg,What would this cost,heat_pump_heating_retrofit,installer_tradesperson,how_to_installation_demo,theme_cost_finance
16,18,35533,0.08936738640208426,0.46357939910926305,_xA6qOwnYbM,Ugz08y-FCKfW8tGwECx4AaABAg,What would this cost?,solar_renewable_integration,diy_renovator_homeowner,how_to_installation_demo,theme_question_request
16,19,36344,0.08932576033656188,0.6015562680728597,Genu_Plnp2M,UgxAzCDQJlraU9ilhyt4AaABAg,Wouldn’t Rockwool work better?,airtightness_draught_proofing,installer_tradesperson,how_to_installation_demo,theme_product_material_tool
16,20,17713,0.08872486893688453,0.6606256706808256,5ScJj0YlUAM,UgzNaQckPJtQQAJu4El4AaABAg,I would use that on a research pod in Antarctica. 😂 anywhere else that would take a lifetime and cost of it would not benefit for at least 30 years.,loft_roof_insulation,installer_tradesperson,practical_advice_explainer,theme_cost_finance
